"Frame number","Original","Translation","Count","Part of","File count","Files"
"0","d00","","1","","1",""""""
"2","FEATS & SPECIAL ABILITIES","","4","","3","""Character Info"", ""Barbarian - Character Info"", ""Ranger - Character Info"""
"3","LANGUAGES","","4","","3","""Character Info"", ""Barbarian - Character Info"", ""Ranger - Character Info"""
"4","SKILLS","","5","","4","""Character Info"", ""Animal Companion"", ""Barbarian - Character Info"", ""Ranger - Character Info"""
"5","CHARACTER","","4","","3","""Character Info"", ""Barbarian - Character Info"", ""Ranger - Character Info"""
"6","ABILITIES","","6","","5","""Character Info"", ""Animal Companion"", ""Barbarian - Character Info"", ""Wild Shape"", ""Ranger - Character Info"""
"7","MALE","","5","","4","""Character Info"", ""Animal Companion"", ""Barbarian - Character Info"", ""Ranger - Character Info"""
"8","FEMALE","","5","","4","""Character Info"", ""Animal Companion"", ""Barbarian - Character Info"", ""Ranger - Character Info"""
"9","Size|Modifier","","40","","9","""Character Info"", ""Combat"", ""Animal Companion"", ""Barbarian - Character Info"", ""Barbarian - Combat"", ""Wild Shape"", ""Monk - Combat"", ""Ranger - Character Info"", ""Ranger - Combat"""
"10","Size","","4","","3","""Character Info"", ""Barbarian - Character Info"", ""Ranger - Character Info"""
"11","Race","","4","","3","""Character Info"", ""Barbarian - Character Info"", ""Ranger - Character Info"""
"12","Name","","8","","7","""Character Info"", ""Paladin"", ""Barbarian - Character Info"", ""Ranger - Archery"", ""Ranger - Character Info"", ""Ranger - Two-weapon fighting"", ""Ranger"""
"13","rks","","4","","3","""Character Info"", ""Barbarian - Character Info"", ""Ranger - Character Info"""
"14","hp","","26","","8","""Character Info"", ""Combat"", ""Animal Companion"", ""Barbarian - Character Info"", ""Barbarian - Combat"", ""Monk - Combat"", ""Ranger - Character Info"", ""Ranger - Combat"""
"16","SURVIVAL","","5","","4","""Character Info"", ""Animal Companion"", ""Barbarian - Character Info"", ""Ranger - Character Info"""
"17","Class|Skills","","4","Class|Skills|+3","3","""Character Info"", ""Barbarian - Character Info"", ""Ranger - Character Info"""
"18","Track","","8","","7","""Character Info"", ""Animal Companion"", ""Barbarian - Character Info"", ""Ranger - Archery"", ""Ranger - Character Info"", ""Ranger - Two-weapon fighting"", ""Ranger"""
"29","INT","","49","","6","""Character Info"", ""Animal Companion"", ""Rogue"", ""Wizard"", ""Barbarian - Character Info"", ""Ranger - Character Info"""
"35","CHA","","55","","13","""Character Info"", ""Animal Companion"", ""Ranger - Character Info"", ""Ranger - Two-weapon fighting"", ""Ranger"", ""Bard"", ""Cleric"", ""Paladin"", ""Sorcerer"", ""Barbarian - Character Info"", ""Druid (Animal Companion)"", ""Druid (Domain)"", ""Ranger - Archery"""
"36","Use Magical Device","","4","","3","""Character Info"", ""Barbarian - Character Info"", ""Ranger - Character Info"""
"37","STR","","54","","11","""Character Info"", ""Combat"", ""Ranger - Combat"", ""Animal Companion"", ""Fighter"", ""Barbarian - Character Info"", ""Barbarian - Combat"", ""Barbarian"", ""Wild Shape"", ""Monk - Combat"", ""Ranger - Character Info"""
"38","Swim","","5","","4","""Character Info"", ""Animal Companion"", ""Barbarian - Character Info"", ""Ranger - Character Info"""
"39","WIS","","60","","15","""Character Info"", ""Combat"", ""Ranger - Archery"", ""Ranger - Character Info"", ""Ranger - Combat"", ""Ranger - Two-weapon fighting"", ""Ranger"", ""Animal Companion"", ""Cleric"", ""Barbarian - Character Info"", ""Barbarian - Combat"", ""Druid (Animal Companion)"", ""Druid (Domain)"", ""Monk - Combat"", ""Monk"""
"40","Knowledge: The Planes","","4","","3","""Character Info"", ""Barbarian - Character Info"", ""Ranger - Character Info"""
"41","Knowledge: Nature","","4","","3","""Character Info"", ""Barbarian - Character Info"", ""Ranger - Character Info"""
"42","Knowledge: Religion","","4","","3","""Character Info"", ""Barbarian - Character Info"", ""Ranger - Character Info"""
"43","Knowledge: Dungeoneering","","4","","3","""Character Info"", ""Barbarian - Character Info"", ""Ranger - Character Info"""
"44","Knowledge: Arcana","","4","","3","""Character Info"", ""Barbarian - Character Info"", ""Ranger - Character Info"""
"45","Survival","","5","","4","""Character Info"", ""Animal Companion"", ""Barbarian - Character Info"", ""Ranger - Character Info"""
"46","DEX","","92","","11","""Character Info"", ""Combat"", ""Ranger - Combat"", ""Animal Companion"", ""Fighter"", ""Barbarian - Character Info"", ""Barbarian - Combat"", ""Barbarian"", ""Wild Shape"", ""Monk - Combat"", ""Ranger - Character Info"""
"47","Stealth","","5","","4","""Character Info"", ""Animal Companion"", ""Barbarian - Character Info"", ""Ranger - Character Info"""
"50","Spellcraft","","4","","3","""Character Info"", ""Barbarian - Character Info"", ""Ranger - Character Info"""
"52","Sleight of Hand","","4","","3","""Character Info"", ""Barbarian - Character Info"", ""Ranger - Character Info"""
"55","Sense Motive","","5","","4","""Character Info"", ""Animal Companion"", ""Barbarian - Character Info"", ""Ranger - Character Info"""
"57","if larger/|smaller","","4","","3","""Character Info"", ""Barbarian - Character Info"", ""Ranger - Character Info"""
"59","Ride","","4","","3","""Character Info"", ""Barbarian - Character Info"", ""Ranger - Character Info"""
"62","Perception","","6","","5","""Character Info"", ""Animal Companion"", ""Rogue"", ""Barbarian - Character Info"", ""Ranger - Character Info"""
"64","Linguistics","","4","","3","""Character Info"", ""Barbarian - Character Info"", ""Ranger - Character Info"""
"66","Intimidate","","4","","3","""Character Info"", ""Barbarian - Character Info"", ""Ranger - Character Info"""
"68","Heal","","4","","3","""Character Info"", ""Barbarian - Character Info"", ""Ranger - Character Info"""
"70","Handle Animal","","4","","3","""Character Info"", ""Barbarian - Character Info"", ""Ranger - Character Info"""
"75","Fly","","5","","4","""Character Info"", ""Animal Companion"", ""Barbarian - Character Info"", ""Ranger - Character Info"""
"77","Escape Artist","","5","","4","""Character Info"", ""Animal Companion"", ""Barbarian - Character Info"", ""Ranger - Character Info"""
"79","Disguise","","4","","3","""Character Info"", ""Barbarian - Character Info"", ""Ranger - Character Info"""
"81","Disable Device","","4","","3","""Character Info"", ""Barbarian - Character Info"", ""Ranger - Character Info"""
"83","Diplomacy","","4","","3","""Character Info"", ""Barbarian - Character Info"", ""Ranger - Character Info"""
"85","Climb","","5","","4","""Character Info"", ""Animal Companion"", ""Barbarian - Character Info"", ""Ranger - Character Info"""
"88","Bluff","","4","","3","""Character Info"", ""Barbarian - Character Info"", ""Ranger - Character Info"""
"90","Appraise","","4","","3","""Character Info"", ""Barbarian - Character Info"", ""Ranger - Character Info"""
"93","INT","","4","+ INT| per level","3","""Character Info"", ""Barbarian - Character Info"", ""Ranger - Character Info"""
"93","per level","","4","+ INT| per level","3","""Character Info"", ""Barbarian - Character Info"", ""Ranger - Character Info"""
"94","CON","","4","+ CON| per level","3","""Character Info"", ""Barbarian - Character Info"", ""Ranger - Character Info"""
"94","per level","","4","+ CON| per level","3","""Character Info"", ""Barbarian - Character Info"", ""Ranger - Character Info"""
"95","+1 hp or skill rank per level","","4","","3","""Character Info"", ""Barbarian - Character Info"", ""Ranger - Character Info"""
"96","Favoured class","","4","","3","""Character Info"", ""Barbarian - Character Info"", ""Ranger - Character Info"""
"97","Acrobatics","","5","","4","""Character Info"", ""Animal Companion"", ""Barbarian - Character Info"", ""Ranger - Character Info"""
"98","Untrained","","4","","3","""Character Info"", ""Barbarian - Character Info"", ""Ranger - Character Info"""
"99","Hit Die","","4","","3","""Character Info"", ""Barbarian - Character Info"", ""Ranger - Character Info"""
"100","Level|Adjustment","","4","","3","""Character Info"", ""Barbarian - Character Info"", ""Ranger - Character Info"""
"101","Skill Ranks","","4","","3","""Character Info"", ""Barbarian - Character Info"", ""Ranger - Character Info"""
"102","Armour|Check|Penalty","","4","","3","""Character Info"", ""Barbarian - Character Info"", ""Ranger - Character Info"""
"103","Misc","","72","","19","""Character Info"", ""Combat"", ""Druid (Animal Companion)"", ""Druid (Domain)"", ""Wild Shape"", ""Monk - Combat"", ""Ranger - Archery"", ""Ranger - Character Info"", ""Ranger - Combat"", ""Ranger - Two-weapon fighting"", ""Ranger"", ""Animal Companion"", ""Bard"", ""Cleric"", ""Paladin"", ""Rogue"", ""Barbarian - Character Info"", ""Barbarian - Combat"", ""Barbarian"""
"104","Skill|Bonus","","4","","3","""Character Info"", ""Barbarian - Character Info"", ""Ranger - Character Info"""
"105","Racial,|Feats","","2","","1","""Character Info"""
"106","Ranks","","5","","4","""Character Info"", ""Animal Companion"", ""Barbarian - Character Info"", ""Ranger - Character Info"""
"107","Knowledge - INT|Profession - WIS","","4","","3","""Character Info"", ""Barbarian - Character Info"", ""Ranger - Character Info"""
"108","Other skills:|Craft - INT|Perform - CHA","","4","","3","""Character Info"", ""Barbarian - Character Info"", ""Ranger - Character Info"""
"109","Level","","51","","13","""Character Info"", ""Bard"", ""Ranger - Character Info"", ""Ranger - Two-weapon fighting"", ""Ranger"", ""Cleric"", ""Fighter"", ""Rogue"", ""Barbarian - Character Info"", ""Druid (Domain)"", ""Monk - Combat"", ""Monk"", ""Ranger - Archery"""
"110","CLASSES","","4","","3","""Character Info"", ""Barbarian - Character Info"", ""Ranger - Character Info"""
"111","Effective|Character|Level","","4","","3","""Character Info"", ""Barbarian - Character Info"", ""Ranger - Character Info"""
"112","EVIL","","10","","8","""Character Info"", ""Animal Companion"", ""Cleric"", ""Paladin"", ""Barbarian - Character Info"", ""Druid (Animal Companion)"", ""Druid (Domain)"", ""Ranger - Character Info"""
"113","GOOD","","10","","8","""Character Info"", ""Animal Companion"", ""Cleric"", ""Paladin"", ""Barbarian - Character Info"", ""Druid (Animal Companion)"", ""Druid (Domain)"", ""Ranger - Character Info"""
"114","CHAOTIC","","10","","8","""Character Info"", ""Animal Companion"", ""Cleric"", ""Paladin"", ""Barbarian - Character Info"", ""Druid (Animal Companion)"", ""Druid (Domain)"", ""Ranger - Character Info"""
"115","LAWFUL","","10","","8","""Character Info"", ""Animal Companion"", ""Cleric"", ""Paladin"", ""Barbarian - Character Info"", ""Druid (Animal Companion)"", ""Druid (Domain)"", ""Ranger - Character Info"""
"125","CON","","25","","10","""Character Info"", ""Combat"", ""Animal Companion"", ""Barbarian - Character Info"", ""Barbarian - Combat"", ""Barbarian"", ""Wild Shape"", ""Monk - Combat"", ""Ranger - Character Info"", ""Ranger - Combat"""
"134","Temp|Modifier","","4","","3","""Character Info"", ""Barbarian - Character Info"", ""Ranger - Character Info"""
"135","Temp|Score","","3","","2","""Character Info"", ""Ranger - Character Info"""
"136","Item|Bonus","","6","","5","""Character Info"", ""Animal Companion"", ""Barbarian - Character Info"", ""Wild Shape"", ""Ranger - Character Info"""
"137","Ability|Modifier","","6","","5","""Character Info"", ""Animal Companion"", ""Barbarian - Character Info"", ""Wild Shape"", ""Ranger - Character Info"""
"138","Ability|Score","","6","","5","""Character Info"", ""Animal Companion"", ""Barbarian - Character Info"", ""Wild Shape"", ""Ranger - Character Info"""
"139","Ability Modifier = (Total Ability Score - 10) ÷ 2    (Round down)","","4","","3","""Character Info"", ""Barbarian - Character Info"", ""Ranger - Character Info"""
"140","XP","","5","","4","""Character Info"", ""Animal Companion"", ""Barbarian - Character Info"", ""Ranger - Character Info"""
"141","Player","","4","","3","""Character Info"", ""Barbarian - Character Info"", ""Ranger - Character Info"""
"142","Campaign","","4","","3","""Character Info"", ""Barbarian - Character Info"", ""Ranger - Character Info"""
"154","BAB","","22","","6","""Combat"", ""Animal Companion"", ""Barbarian - Combat"", ""Wild Shape"", ""Monk - Combat"", ""Ranger - Combat"""
"155","Base|Attack Bonus","","22","","6","""Combat"", ""Animal Companion"", ""Barbarian - Combat"", ""Wild Shape"", ""Monk - Combat"", ""Ranger - Combat"""
"156","RANGED ATTACK","","3","RANGED ATTACK|BONUS","2","""Combat"", ""Monk - Combat"""
"156","BONUS","","3","RANGED ATTACK|BONUS","2","""Combat"", ""Monk - Combat"""
"166","MELEE ATTACK","","3","MELEE ATTACK|BONUS","2","""Combat"", ""Monk - Combat"""
"166","BONUS","","3","MELEE ATTACK|BONUS","2","""Combat"", ""Monk - Combat"""
"175","EFFECTS","","7","","5","""Combat"", ""Animal Companion"", ""Barbarian - Combat"", ""Monk - Combat"", ""Ranger - Combat"""
"176","ARMOUR CLASS","","15","","6","""Combat"", ""Animal Companion"", ""Barbarian - Combat"", ""Wild Shape"", ""Monk - Combat"", ""Ranger - Combat"""
"177","HEALTH","","7","","5","""Combat"", ""Animal Companion"", ""Barbarian - Combat"", ""Monk - Combat"", ""Ranger - Combat"""
"178","COMBAT ABILITIES","","4","","3","""Combat"", ""Animal Companion"", ""Monk - Combat"""
"179","METAMAGIC","","3","","2","""Combat"", ""Monk - Combat"""
"180","FLAT-FOOTED","","5","FLAT-FOOTED|CMD","4","""Combat"", ""Barbarian - Combat"", ""Monk - Combat"", ""Ranger - Combat"""
"180","CMD","","5","FLAT-FOOTED|CMD","4","""Combat"", ""Barbarian - Combat"", ""Monk - Combat"", ""Ranger - Combat"""
"181","CMD","","19","","7","""Combat"", ""Animal Companion"", ""Barbarian - Combat"", ""Wild Shape"", ""Monk - Combat"", ""Monk"", ""Ranger - Combat"""
"185","Deflection|Modifier","","18","","6","""Combat"", ""Animal Companion"", ""Barbarian - Combat"", ""Wild Shape"", ""Monk - Combat"", ""Ranger - Combat"""
"193","Dodge|Modifier","","12","","6","""Combat"", ""Animal Companion"", ""Barbarian - Combat"", ""Wild Shape"", ""Monk - Combat"", ""Ranger - Combat"""
"195","COMBAT MANOEUVRE","","7","COMBAT MANOEUVRE|DEFENCE","6","""Combat"", ""Animal Companion"", ""Barbarian - Combat"", ""Wild Shape"", ""Monk - Combat"", ""Ranger - Combat"""
"195","DEFENCE","","7","COMBAT MANOEUVRE|DEFENCE","6","""Combat"", ""Animal Companion"", ""Barbarian - Combat"", ""Wild Shape"", ""Monk - Combat"", ""Ranger - Combat"""
"203","Temp CMD","","5","","4","""Combat"", ""Barbarian - Combat"", ""Monk - Combat"", ""Ranger - Combat"""
"205","CMB","","13","","6","""Combat"", ""Animal Companion"", ""Barbarian - Combat"", ""Wild Shape"", ""Monk - Combat"", ""Ranger - Combat"""
"206","Temp CMB","","5","","4","""Combat"", ""Barbarian - Combat"", ""Monk - Combat"", ""Ranger - Combat"""
"208","AC","","39","","11","""Combat"", ""Animal Companion"", ""Ranger - Combat"", ""Inventory without"", ""Inventory"", ""Paladin"", ""Barbarian - Combat"", ""Barbarian"", ""Wild Shape"", ""Monk - Combat"", ""Monk"""
"209","Temp AC","","8","","6","""Combat"", ""Animal Companion"", ""Barbarian - Combat"", ""Wild Shape"", ""Monk - Combat"", ""Ranger - Combat"""
"210","Conditional Modifiers","","20","","4","""Combat"", ""Barbarian - Combat"", ""Monk - Combat"", ""Ranger - Combat"""
"213","Damage Reduction","","8","","6","""Combat"", ""Animal Companion"", ""Barbarian - Combat"", ""Wild Shape"", ""Monk - Combat"", ""Ranger - Combat"""
"214","Notes","","5","","4","""Combat"", ""Barbarian - Combat"", ""Monk - Combat"", ""Ranger - Combat"""
"216","Spell Resistance","","8","","6","""Combat"", ""Animal Companion"", ""Barbarian - Combat"", ""Wild Shape"", ""Monk - Combat"", ""Ranger - Combat"""
"224","Natural|Armour","","7","","6","""Combat"", ""Animal Companion"", ""Barbarian - Combat"", ""Wild Shape"", ""Monk - Combat"", ""Ranger - Combat"""
"227","Shield AC","","6","","5","""Combat"", ""Inventory without"", ""Inventory"", ""Barbarian - Combat"", ""Ranger - Combat"""
"229","Armour AC","","6","","5","""Combat"", ""Inventory without"", ""Inventory"", ""Barbarian - Combat"", ""Ranger - Combat"""
"251","FLAT-FOOTED","","8","FLAT-FOOTED ARMOUR CLASS","6","""Combat"", ""Animal Companion"", ""Barbarian - Combat"", ""Wild Shape"", ""Monk - Combat"", ""Ranger - Combat"""
"251","ARMOUR CLASS","","8","FLAT-FOOTED ARMOUR CLASS","6","""Combat"", ""Animal Companion"", ""Barbarian - Combat"", ""Wild Shape"", ""Monk - Combat"", ""Ranger - Combat"""
"252","TOUCH","","8","TOUCH ARMOUR CLASS","6","""Combat"", ""Animal Companion"", ""Barbarian - Combat"", ""Wild Shape"", ""Monk - Combat"", ""Ranger - Combat"""
"252","ARMOUR CLASS","","8","TOUCH ARMOUR CLASS","6","""Combat"", ""Animal Companion"", ""Barbarian - Combat"", ""Wild Shape"", ""Monk - Combat"", ""Ranger - Combat"""
"256","Non-lethal","","7","","5","""Combat"", ""Animal Companion"", ""Barbarian - Combat"", ""Monk - Combat"", ""Ranger - Combat"""
"257","Wounds","","7","","5","""Combat"", ""Animal Companion"", ""Barbarian - Combat"", ""Monk - Combat"", ""Ranger - Combat"""
"258","Dying","","7","","5","""Combat"", ""Animal Companion"", ""Barbarian - Combat"", ""Monk - Combat"", ""Ranger - Combat"""
"259","Unconscious","","6","","5","""Combat"", ""Animal Companion"", ""Barbarian - Combat"", ""Monk - Combat"", ""Ranger - Combat"""
"260","Stable","","7","","5","""Combat"", ""Animal Companion"", ""Barbarian - Combat"", ""Monk - Combat"", ""Ranger - Combat"""
"261","HIT POINTS","","7","","5","""Combat"", ""Animal Companion"", ""Barbarian - Combat"", ""Monk - Combat"", ""Ranger - Combat"""
"263","SAVES","","7","","6","""Combat"", ""Animal Companion"", ""Barbarian - Combat"", ""Wild Shape"", ""Monk - Combat"", ""Ranger - Combat"""
"264","WILL","","7","","5","""Combat"", ""Animal Companion"", ""Barbarian - Combat"", ""Monk - Combat"", ""Ranger - Combat"""
"265","REF","","8","","6","""Combat"", ""Animal Companion"", ""Barbarian - Combat"", ""Wild Shape"", ""Monk - Combat"", ""Ranger - Combat"""
"267","FORT","","8","","6","""Combat"", ""Animal Companion"", ""Barbarian - Combat"", ""Wild Shape"", ""Monk - Combat"", ""Ranger - Combat"""
"269","WILL","","7","WILL SAVE","5","""Combat"", ""Animal Companion"", ""Barbarian - Combat"", ""Monk - Combat"", ""Ranger - Combat"""
"269","SAVE","","7","WILL SAVE","5","""Combat"", ""Animal Companion"", ""Barbarian - Combat"", ""Monk - Combat"", ""Ranger - Combat"""
"270","REFLEX","","8","REFLEX SAVE","6","""Combat"", ""Animal Companion"", ""Barbarian - Combat"", ""Wild Shape"", ""Monk - Combat"", ""Ranger - Combat"""
"270","SAVE","","8","REFLEX SAVE","6","""Combat"", ""Animal Companion"", ""Barbarian - Combat"", ""Wild Shape"", ""Monk - Combat"", ""Ranger - Combat"""
"284","Improved|Evasion","","4","","3","""Combat"", ""Barbarian - Combat"", ""Ranger - Combat"""
"285","Trap|Sense","","5","","4","""Combat"", ""Barbarian - Combat"", ""Monk - Combat"", ""Ranger - Combat"""
"286","Endurance","","6","","5","""Combat"", ""Animal Companion"", ""Barbarian - Combat"", ""Monk - Combat"", ""Ranger - Combat"""
"287","Evasion","","8","","7","""Combat"", ""Animal Companion"", ""Rogue"", ""Barbarian - Combat"", ""Monk - Combat"", ""Monk"", ""Ranger - Combat"""
"288","Base","","6","","5","""Combat"", ""Barbarian - Combat"", ""Wild Shape"", ""Monk - Combat"", ""Ranger - Combat"""
"290","Racial","","4","","3","""Combat"", ""Monk - Combat"", ""Ranger - Combat"""
"292","Temp","","8","","6","""Combat"", ""Animal Companion"", ""Barbarian - Combat"", ""Wild Shape"", ""Monk - Combat"", ""Ranger - Combat"""
"295","FORTITUDE","","8","FORTITUDE SAVE","6","""Combat"", ""Animal Companion"", ""Barbarian - Combat"", ""Wild Shape"", ""Monk - Combat"", ""Ranger - Combat"""
"295","SAVE","","8","FORTITUDE SAVE","6","""Combat"", ""Animal Companion"", ""Barbarian - Combat"", ""Wild Shape"", ""Monk - Combat"", ""Ranger - Combat"""
"298","Temp Damage|Bonus","","5","","4","""Combat"", ""Barbarian - Combat"", ""Monk - Combat"", ""Ranger - Combat"""
"300","Temp Attack|Bonus","","5","","4","""Combat"", ""Barbarian - Combat"", ""Monk - Combat"", ""Ranger - Combat"""
"303","Power|Attack","","6","","2","""Combat"", ""Monk - Combat"""
"306","Nerfs","","10","","4","""Combat"", ""Barbarian - Combat"", ""Monk - Combat"", ""Ranger - Combat"""
"307","Morale|Bonus","","11","","5","""Combat"", ""Animal Companion"", ""Wild Shape"", ""Monk - Combat"", ""Ranger - Combat"""
"308","Buffs","","10","","4","""Combat"", ""Barbarian - Combat"", ""Monk - Combat"", ""Ranger - Combat"""
"317","COMBAT MANOEUVRES","","7","","6","""Combat"", ""Animal Companion"", ""Barbarian - Combat"", ""Wild Shape"", ""Monk - Combat"", ""Ranger - Combat"""
"318","BASE ATTACK","","8","","5","""Combat"", ""Animal Companion"", ""Barbarian - Combat"", ""Monk - Combat"", ""Ranger - Combat"""
"319","SPEED","","12","","6","""Combat"", ""Animal Companion"", ""Barbarian - Combat"", ""Wild Shape"", ""Monk - Combat"", ""Ranger - Combat"""
"320","INITIATIVE","","6","","5","""Combat"", ""Animal Companion"", ""Barbarian - Combat"", ""Monk - Combat"", ""Ranger - Combat"""
"322","COMBAT MANOEUVRE","","6","COMBAT MANOEUVRE|BONUS","5","""Combat"", ""Animal Companion"", ""Barbarian - Combat"", ""Wild Shape"", ""Ranger - Combat"""
"322","BONUS","","6","COMBAT MANOEUVRE|BONUS","5","""Combat"", ""Animal Companion"", ""Barbarian - Combat"", ""Wild Shape"", ""Ranger - Combat"""
"323","RANGED|ATTACK","","5","","4","""Combat"", ""Barbarian - Combat"", ""Monk - Combat"", ""Ranger - Combat"""
"324","MELEE|ATTACK","","5","","4","""Combat"", ""Barbarian - Combat"", ""Monk - Combat"", ""Ranger - Combat"""
"325","BASE|ATTACK","","5","BASE|ATTACK BONUS","4","""Combat"", ""Barbarian - Combat"", ""Monk - Combat"", ""Ranger - Combat"""
"325","BONUS","","5","BASE|ATTACK BONUS","4","""Combat"", ""Barbarian - Combat"", ""Monk - Combat"", ""Ranger - Combat"""
"326","sq","","76","","8","""Combat"", ""Animal Companion"", ""Inventory without"", ""Inventory"", ""Barbarian - Combat"", ""Wild Shape"", ""Monk - Combat"", ""Ranger - Combat"""
"327","ft","","78","","9","""Combat"", ""Animal Companion"", ""Cleric"", ""Inventory without"", ""Inventory"", ""Barbarian - Combat"", ""Wild Shape"", ""Monk - Combat"", ""Ranger - Combat"""
"332","Climb Speed","","6","","5","""Combat"", ""Animal Companion"", ""Barbarian - Combat"", ""Monk - Combat"", ""Ranger - Combat"""
"335","Fly Speed","","6","","5","""Combat"", ""Animal Companion"", ""Barbarian - Combat"", ""Monk - Combat"", ""Ranger - Combat"""
"338","Swim Speed","","6","","5","""Combat"", ""Animal Companion"", ""Barbarian - Combat"", ""Monk - Combat"", ""Ranger - Combat"""
"342","Temp Speed","","7","","6","""Combat"", ""Animal Companion"", ""Barbarian - Combat"", ""Wild Shape"", ""Monk - Combat"", ""Ranger - Combat"""
"343","Speed with Armour","","5","","4","""Combat"", ""Barbarian - Combat"", ""Monk - Combat"", ""Ranger - Combat"""
"344","INIT","","8","","6","""Combat"", ""Animal Companion"", ""Barbarian - Combat"", ""Wild Shape"", ""Monk - Combat"", ""Ranger - Combat"""
"361","Training","","5","","4","""Combat"", ""Barbarian - Combat"", ""Monk - Combat"", ""Ranger - Combat"""
"363","Feats","","5","","4","""Combat"", ""Barbarian - Combat"", ""Monk - Combat"", ""Ranger - Combat"""
"364","INITIATIVE","","8","INITIATIVE BONUS","6","""Combat"", ""Animal Companion"", ""Barbarian - Combat"", ""Wild Shape"", ""Monk - Combat"", ""Ranger - Combat"""
"364","BONUS","","8","INITIATIVE BONUS","6","""Combat"", ""Animal Companion"", ""Barbarian - Combat"", ""Wild Shape"", ""Monk - Combat"", ""Ranger - Combat"""
"365","ATTACKS","","8","","6","""Combat"", ""Animal Companion"", ""Barbarian - Combat"", ""Wild Shape"", ""Monk - Combat"", ""Ranger - Combat"""
"368","Damage","","37","","6","""Combat"", ""Animal Companion"", ""Barbarian - Combat"", ""Wild Shape"", ""Monk - Combat"", ""Ranger - Combat"""
"369","Critical","","37","","6","""Combat"", ""Animal Companion"", ""Barbarian - Combat"", ""Wild Shape"", ""Monk - Combat"", ""Ranger - Combat"""
"370","Attack Bonus","","37","","6","""Combat"", ""Animal Companion"", ""Barbarian - Combat"", ""Wild Shape"", ""Monk - Combat"", ""Ranger - Combat"""
"373","Type","","28","","7","""Combat"", ""Inventory without"", ""Inventory"", ""Paladin"", ""Barbarian - Combat"", ""Monk - Combat"", ""Ranger - Combat"""
"374","Range","","36","","6","""Combat"", ""Animal Companion"", ""Barbarian - Combat"", ""Wild Shape"", ""Monk - Combat"", ""Ranger - Combat"""
"377","Ammo","","15","","5","""Combat"", ""Animal Companion"", ""Barbarian - Combat"", ""Monk - Combat"", ""Ranger - Combat"""
"378","Special Ammo","","14","","4","""Combat"", ""Barbarian - Combat"", ""Monk - Combat"", ""Ranger - Combat"""
"446","Base|Attack","","4","","2","""Animal Companion"", ""Wild Shape"""
"475","COMBAT","","2","","2","""Animal Companion"", ""Wild Shape"""
"477","Temp Damage","","2","","1","""Animal Companion"""
"479","Temp Attack","","2","","1","""Animal Companion"""
"493","Burrow Speed","","1","","1","""Animal Companion"""
"504","BASIC SPEED","","1","","1","""Animal Companion"""
"516","DEFENCE","","1","","1","""Animal Companion"""
"544","Armour|& Shield","","1","","1","""Animal Companion"""
"550","SAVING THROWS","","1","","1","""Animal Companion"""
"567","Base Save","","2","","1","""Animal Companion"""
"575","COMBAT MANEUVRE","","1","COMBAT MANEUVRE|DEFENCE","1","""Animal Companion"""
"575","DEFENCE","","1","COMBAT MANEUVRE|DEFENCE","1","""Animal Companion"""
"640","Unconcious","","1","","1","""Animal Companion"""
"668","COMBAT MANEUVRES","","1","","1","""Animal Companion"""
"705","COMBAT MANEUVRE","","1","COMBAT MANEUVRE|BONUS","1","""Animal Companion"""
"705","BONUS","","1","COMBAT MANEUVRE|BONUS","1","""Animal Companion"""
"706","PORTRAIT","","2","","2","""Animal Companion"", ""Wild Shape"""
"708","Trained","","1","","1","""Animal Companion"""
"710","TRICKS / FEATS / SPECIAL ABILITIES","","1","","1","""Animal Companion"""
"712","Racial, Feats","","1","","1","""Animal Companion"""
"732","EQUIPMENT","","3","","3","""Animal Companion"", ""Inventory without"", ""Inventory"""
"740","Ability Modifier = (Total Ability Score - 10) ÷ 2","","2","","2","""Animal Companion"", ""Wild Shape"""
"743","Height","","1","","1","""Animal Companion"""
"744","lb","","26","","4","""Animal Companion"", ""Inventory without"", ""Inventory"", ""Party Funds"""
"745","Creature|Level","","1","","1","""Animal Companion"""
"746","Age","","1","","1","""Animal Companion"""
"747","Weight","","9","","4","""Animal Companion"", ""Inventory without"", ""Inventory"", ""Party Funds"""
"748","Subtype","","1","","1","""Animal Companion"""
"749","Creature Type","","3","","3","""Animal Companion"", ""Druid (Animal Companion)"", ""Wild Shape"""
"751","Creature Name","","1","","1","""Animal Companion"""
"752","HIT|DICE","","1","","1","""Animal Companion"""
"753","SUMMONED CREATURE","","1","","1","""Animal Companion"""
"754","ANIMAL COMPANION","","6","","6","""Animal Companion"", ""Druid (Animal Companion)"", ""Druid (Domain)"", ""Ranger - Archery"", ""Ranger - Two-weapon fighting"", ""Ranger"""
"755","MOUNT","","1","","1","""Animal Companion"""
"756","FAMILIAR","","2","","2","""Animal Companion"", ""Wizard"""
"769","Temp|Bonus","","2","","2","""Animal Companion"", ""Wild Shape"""
"781","Cause an enemy to die of joy or sorrow","","1","","1","""Bard"""
"782","DEADLY PERFORMANCE","","1","","1","""Bard"""
"785","Suggest actions to already fascinated creatures","","1","","1","""Bard"""
"786","MASS SUGGESTION","","1","","1","""Bard"""
"799","Enemies are frightened and flee your performance","","1","","1","""Bard"""
"800","FRIGHTENING TUNE","","1","","1","""Bard"""
"803","Mass Cure Serious Wounds|Removes the fatigued, sickened and shaken conditions","","1","","1","""Bard"""
"804","SOOTHING PERFORMANCE","","1","","1","""Bard"""
"812","INSPIRE COMPETENCE","","1","","1","""Bard"""
"814","INSPIRE COURAGE","","1","","1","""Bard"""
"815","Bonus to attack and damage rolls","","1","","1","""Bard"""
"816","Bonus against charm and compulsion effects","","1","","1","""Bard"""
"820","Caster|Level","","17","","10","""Bard"", ""Cleric"", ""Paladin"", ""Sorcerer"", ""Wizard"", ""Druid (Animal Companion)"", ""Druid (Domain)"", ""Ranger - Archery"", ""Ranger - Two-weapon fighting"", ""Ranger"""
"821","Concentration","","10","","10","""Bard"", ""Cleric"", ""Paladin"", ""Sorcerer"", ""Wizard"", ""Druid (Animal Companion)"", ""Druid (Domain)"", ""Ranger - Archery"", ""Ranger - Two-weapon fighting"", ""Ranger"""
"822","(Round up)","","5","","4","""Bard"", ""Cleric"", ""Paladin"", ""Rogue"""
"825","Bard|Level","","4","","1","""Bard"""
"826","FASCINATE","","1","FASCINATE|MAX AUDIENCE","1","""Bard"""
"826","MAX AUDIENCE","","1","FASCINATE|MAX AUDIENCE","1","""Bard"""
"827","Rounds|Today","","1","","1","""Bard"""
"831","Bard Level","","1","","1","""Bard"""
"832","WILL","","1","WILL SAVE DC","1","""Bard"""
"832","SAVE DC","","1","WILL SAVE DC","1","""Bard"""
"833","TAKE 10","","1","","1","""Bard"""
"834","TAKE 20","","1","TAKE 20 PER DAY","1","""Bard"""
"834","PER DAY","","1","TAKE 20 PER DAY","1","""Bard"""
"835","Able to take 10 on any skill","","1","","1","""Bard"""
"836","All skills are considered class skills","","1","","1","""Bard"""
"837","Use any skill as if you were trained","","1","","1","""Bard"""
"838","Unlimited uses|per day","","1","","1","""Bard"""
"839","Take 20 Today","","1","","1","""Bard"""
"840","JACK OF ALL TRADES","","1","","1","""Bard"""
"841","LORE MASTER","","1","","1","""Bard"""
"848","Bonus applies to saving throws against Bardic Performance, sonic|and language-dependent effects.","","1","","1","""Bard"""
"849","Apply this bonus to all knowledge skills","","1","","1","""Bard"""
"850","Bards can use all knowledge skills untrained","","1","","1","""Bard"""
"854","KNOWLEDGE","","1","KNOWLEDGE |BONUS","1","""Bard"""
"854","BONUS","","1","KNOWLEDGE |BONUS","1","""Bard"""
"855","PERFORMANCES","","1","","1","""Bard"""
"856","BARDIC PERFORMANCE","","1","","1","""Bard"""
"859","+ 4 to all saving throws|+ 4 to AC","","1","","1","""Bard"""
"860","INSPIRE HEROICS","","1","INSPIRE HEROICS  MAX AFFECTED","1","""Bard"""
"860","MAX AFFECTED","","1","INSPIRE HEROICS  MAX AFFECTED","1","""Bard"""
"861","Use bonus in place of...","","2","","1","""Bard"""
"863","Diplomacy, Handle Animal","","1","","1","""Bard"""
"864","Wind Instruments","","1","","1","""Bard"""
"865","Bluff, Diplomacy","","1","","1","""Bard"""
"866","String","","1","","1","""Bard"""
"867","Bluff, Sense Motive","","1","","1","""Bard"""
"868","Sing","","1","","1","""Bard"""
"869","Handle Animal, Intimidate","","1","","1","""Bard"""
"870","Percussion","","1","","1","""Bard"""
"871","Diplomacy, Sense Motive","","1","","1","""Bard"""
"872","Oratory","","1","","1","""Bard"""
"873","Other:","","1","","1","""Bard"""
"874","Diplomacy, Intimidate","","1","","1","""Bard"""
"875","Keyboard|Instruments","","1","","1","""Bard"""
"876","Acrobatics, Fly","","1","","1","""Bard"""
"877","Dance","","1","","1","""Bard"""
"878","Bluff, Intimidate","","1","","1","""Bard"""
"879","Comedy","","1","","1","""Bard"""
"880","Bluff, Disguise","","1","","1","""Bard"""
"881","Act","","1","","1","""Bard"""
"882","VERSATILE PERFORMANCE","","1","","1","""Bard"""
"883","WELL-VERSED","","1","","1","""Bard"""
"884","BARDIC KNOWLEDGE","","1","","1","""Bard"""
"885","Cause enemies within 30ft to become shaken","","1","","1","""Bard"""
"886","DIRGE OF DOOM","","1","","1","""Bard"""
"887","Suggest actions to one already fascinated creature","","1","","1","""Bard"""
"888","SUGGESTION","","1","","1","""Bard"""
"889","Counter magical effects that depend on sight.|Allies within 30ft use Performance roll in place of a saving throw","","1","","1","""Bard"""
"890","DISTRACTION","","1","","1","""Bard"""
"891","Counter magical effects that depend on sound.|Allies within 30ft use Performance roll in place of a saving throw","","1","","1","""Bard"""
"892","COUNTERSONG","","1","","1","""Bard"""
"893","Begin or switch a bardic performance as a move action,|rather than as a standard action.","","1","","1","""Bard"""
"894","2 Bonus hit dice|+ 2d10 (including CON)","","1","","1","""Bard"""
"895","INSPIRE GREATNESS","","1","INSPIRE GREATNESS  MAX AFFECTED","1","""Bard"""
"895","MAX AFFECTED","","1","INSPIRE GREATNESS  MAX AFFECTED","1","""Bard"""
"897","DURATION","","1","DURATION|PER DAY","1","""Bard"""
"897","PER DAY","","1","DURATION|PER DAY","1","""Bard"""
"899","rds","","8","","6","""Bard"", ""Barbarian"", ""Monk"", ""Ranger - Archery"", ""Ranger - Two-weapon fighting"", ""Ranger"""
"900","Bards can wear light armour without risking|spell failure.","","1","","1","""Bard"""
"901","SPELLS","","10","","10","""Bard"", ""Cleric"", ""Paladin"", ""Sorcerer"", ""Wizard"", ""Druid (Animal Companion)"", ""Druid (Domain)"", ""Ranger - Archery"", ""Ranger - Two-weapon fighting"", ""Ranger"""
"902","KNOWN SPELLS","","2","","2","""Bard"", ""Sorcerer"""
"910","Bonus Spells","","5","","5","""Bard"", ""Cleric"", ""Sorcerer"", ""Druid (Animal Companion)"", ""Druid (Domain)"""
"911","CHA - 12","","2","","2","""Bard"", ""Sorcerer"""
"912","CHA - 8","","2","","2","""Bard"", ""Sorcerer"""
"913","CHA - 4","","2","","2","""Bard"", ""Sorcerer"""
"917","Base|Spells","","10","","10","""Bard"", ""Cleric"", ""Paladin"", ""Sorcerer"", ""Wizard"", ""Druid (Animal Companion)"", ""Druid (Domain)"", ""Ranger - Archery"", ""Ranger - Two-weapon fighting"", ""Ranger"""
"918","Spells|per day","","10","","10","""Bard"", ""Cleric"", ""Paladin"", ""Sorcerer"", ""Wizard"", ""Druid (Animal Companion)"", ""Druid (Domain)"", ""Ranger - Archery"", ""Ranger - Two-weapon fighting"", ""Ranger"""
"919","Spell|Save DC","","10","","10","""Bard"", ""Cleric"", ""Paladin"", ""Sorcerer"", ""Wizard"", ""Druid (Animal Companion)"", ""Druid (Domain)"", ""Ranger - Archery"", ""Ranger - Two-weapon fighting"", ""Ranger"""
"920","Spells|Known","","2","","2","""Bard"", ""Sorcerer"""
"921","Spell Save DC = 10 + CHA + Spell Level","","2","","2","""Bard"", ""Sorcerer"""
"929","PREPARED SPELLS","","14","","10","""Bard"", ""Cleric"", ""Paladin"", ""Sorcerer"", ""Wizard"", ""Druid (Animal Companion)"", ""Druid (Domain)"", ""Ranger - Archery"", ""Ranger - Two-weapon fighting"", ""Ranger"""
"930","ARCANE SPELL FAILURE","","3","ARCANE SPELL FAILURE THRESHOLD","3","""Bard"", ""Sorcerer"", ""Wizard"""
"930","THRESHOLD","","3","ARCANE SPELL FAILURE THRESHOLD","3","""Bard"", ""Sorcerer"", ""Wizard"""
"933","BARD","","1","","1","""Bard"""
"1083","CHANNEL","","1","CHANNEL|RANGE","1","""Cleric"""
"1083","RANGE","","1","CHANNEL|RANGE","1","""Cleric"""
"1084","Radius centred|on the Cleric","","1","","1","""Cleric"""
"1089","Domain Spell","","27","","2","""Cleric"", ""Druid (Domain)"""
"1133","Spell Save DC = 10 + WIS + Spell Level","","7","","7","""Cleric"", ""Paladin"", ""Druid (Animal Companion)"", ""Druid (Domain)"", ""Ranger - Archery"", ""Ranger - Two-weapon fighting"", ""Ranger"""
"1142","Cleric|Level","","3","","1","""Cleric"""
"1145","WILL","","2","WILL|SAVE DC","2","""Cleric"", ""Paladin"""
"1145","SAVE DC","","2","WILL|SAVE DC","2","""Cleric"", ""Paladin"""
"1146","d6","","5","","4","""Cleric"", ""Paladin"", ""Rogue"", ""Monk"""
"1152","(Round down)","","9","","6","""Cleric"", ""Fighter"", ""Paladin"", ""Rogue"", ""Barbarian"", ""Monk"""
"1155","ENERGY","","2","ENERGY|ROLL","2","""Cleric"", ""Paladin"""
"1155","ROLL","","2","ENERGY|ROLL","2","""Cleric"", ""Paladin"""
"1156","CHANNEL ENERGY","","1","","1","""Cleric"""
"1158","DOMAINS","","1","","1","""Cleric"""
"1159","Evil Cleric","","1","","1","""Cleric"""
"1160","Inflict Wounds","","1","","1","""Cleric"""
"1161","Cure Wounds","","1","","1","""Cleric"""
"1162","Channel Negative Energy","","1","","1","""Cleric"""
"1163","Good Cleric","","1","","1","""Cleric"""
"1164","Channel Positive Energy","","1","","1","""Cleric"""
"1166","OF","","1","","1","""Cleric"""
"1167","CLERIC","","1","","1","""Cleric"""
"1187","4d8","","1","","1","""Cleric"""
"1188","3d8","","1","","1","""Cleric"""
"1189","2d8","","2","","2","""Cleric"", ""Monk"""
"1190","1d8","","1","","1","""Cleric"""
"1196","Mass Spell Level","","1","","1","""Cleric"""
"1213","WIS - 12","","3","","3","""Cleric"", ""Druid (Animal Companion)"", ""Druid (Domain)"""
"1214","WIS - 8","","3","","3","""Cleric"", ""Druid (Animal Companion)"", ""Druid (Domain)"""
"1215","WIS - 4","","3","","3","""Cleric"", ""Druid (Animal Companion)"", ""Druid (Domain)"""
"1222","Spell Level","","1","","1","""Cleric"""
"1228","+ Level","","4","","1","""Cleric"""
"1232","Heal / Harm","","1","","1","""Cleric"""
"1233","Critical Wounds","","1","","1","""Cleric"""
"1234","Serious Wounds","","1","","1","""Cleric"""
"1235","Moderate Wounds","","1","","1","""Cleric"""
"1236","Light Wounds","","1","","1","""Cleric"""
"1238","Uses|per day","","4","","2","""Cleric"", ""Druid (Domain)"""
"1239","Granted Power","","4","","2","""Cleric"", ""Druid (Domain)"""
"1240","DC","","8","","3","""Cleric"", ""Druid (Domain)"", ""Monk"""
"1245","Today","","1","","1","""Cleric"""
"1250","CHANNEL","","1","CHANNEL|PER DAY","1","""Cleric"""
"1250","PER DAY","","1","CHANNEL|PER DAY","1","""Cleric"""
"1252","CURE / INFLICT","","1","","1","""Cleric"""
"1253","Domain","","2","","1","""Cleric"""
"1535","second sneak attack in a round","","1","","1","""Fighter"""
"1539","Weapon type","","2","","1","""Fighter"""
"1542","Fighter|Level","","2","","1","""Fighter"""
"1545","WILL SAVE","","1","WILL SAVE|BONUS","1","""Fighter"""
"1545","BONUS","","1","WILL SAVE|BONUS","1","""Fighter"""
"1546","Sneaking Precision","","1","Sneaking Precision    Apply a critical effect to the","1","""Fighter"""
"1546","Apply a critical effect to the","","1","Sneaking Precision    Apply a critical effect to the","1","""Fighter"""
"1547","Exhausting Critical","","1","","1","""Fighter"""
"1548","Tiring Critical","","1","","1","""Fighter"""
"1549","Improved Impaling Critical","","1","","1","""Fighter"""
"1550","Impaling Critical","","1","","1","""Fighter"""
"1551","Stunning Critical","","1","","1","""Fighter"""
"1552","Staggering Critical","","1","","1","""Fighter"""
"1553","Deafening Critical","","1","","1","""Fighter"""
"1554","Blinding Critical","","1","","1","""Fighter"""
"1555","Sickening Critical","","1","","1","""Fighter"""
"1556","Dispelling Critical","","1","","1","""Fighter"""
"1557","Crippling Critical","","1","","1","""Fighter"""
"1558","Bleeding Critical","","1","","1","""Fighter"""
"1559","Critical Mastery","","1","Critical Mastery    Apply two critical effects at once","1","""Fighter"""
"1559","Apply two critical effects at once","","1","Critical Mastery    Apply two critical effects at once","1","""Fighter"""
"1570","BRAVERY","","1","","1","""Fighter"""
"1571","ARMOUR TRAINING","","1","","1","""Fighter"""
"1572","WEAPON TRAINING","","1","","1","""Fighter"""
"1578","M’wk","","2","","1","""Fighter"""
"1579","Basic|Damage","","2","","1","""Fighter"""
"1580","Weapon|Training","","2","","1","""Fighter"""
"1581","Special properties","","2","","1","""Fighter"""
"1582","Base Weapon","","2","","1","""Fighter"""
"1589","Penetrating Strike  (","","2","","1","""Fighter"""
"1590","Weapon Specialisation  (","","2","","1","""Fighter"""
"1591","Greater )","","6","","1","""Fighter"""
"1592","Weapon Mastery","","2","","1","""Fighter"""
"1593","Improved Critical or Keen weapon","","2","","1","""Fighter"""
"1596","Weapon Focus  (","","2","","1","""Fighter"""
"1620","dice","","2","","1","""Fighter"""
"1624","die","","1","","1","""Fighter"""
"1636","Hammer the Gap","","1","Hammer the Gap    On a successful attack","1","""Fighter"""
"1636","On a successful attack","","1","Hammer the Gap    On a successful attack","1","""Fighter"""
"1639","Death or Glory","","1","Death or Glory    +4 (+1 at levels 11, 16, 20)","1","""Fighter"""
"1639","at levels 11, 16, 20)","","1","Death or Glory    +4 (+1 at levels 11, 16, 20)","1","""Fighter"""
"1640","Furious Focus","","1","Furious Focus    Ignore power attack penalty for first attack","1","""Fighter"""
"1640","Ignore power attack penalty for first attack","","1","Furious Focus    Ignore power attack penalty for first attack","1","""Fighter"""
"1641","Power Attack","","1","","1","""Fighter"""
"1642","ATTACK","","2","ATTACK ACTIONS","1","""Fighter"""
"1642","ACTIONS","","2","ATTACK ACTIONS","1","""Fighter"""
"1643","against larger foes","","1","","1","""Fighter"""
"1644","to confirm criticals","","2","","1","""Fighter"""
"1646","Improved Devastating Strike","","1","Improved Devastating Strike  +2 per die","1","""Fighter"""
"1646","per die","","1","Improved Devastating Strike  +2 per die","1","""Fighter"""
"1647","Devastating Strike","","1","Devastating Strike    +2 per extra die","1","""Fighter"""
"1647","per extra die","","1","Devastating Strike    +2 per extra die","1","""Fighter"""
"1648","Greater Vital Strike","","1","","1","""Fighter"""
"1649","Improved Vital Strike","","1","","1","""Fighter"""
"1650","Vital Strike","","1","Vital Strike    Extra damage dice","1","""Fighter"""
"1650","Extra damage dice","","1","Vital Strike    Extra damage dice","1","""Fighter"""
"1651","SINGLE","","1","SINGLE ATTACK","1","""Fighter"""
"1651","ATTACK","","1","SINGLE ATTACK","1","""Fighter"""
"1652","+ 1d6","","1","","1","""Fighter"""
"1654","Precise Strike","","1","Precise Strike    When flanking","1","""Fighter"""
"1654","When flanking","","1","Precise Strike    When flanking","1","""Fighter"""
"1655","Paired Opportunists","","1","Paired Opportunists    When adjacent","1","""Fighter"""
"1655","When adjacent","","1","Paired Opportunists    When adjacent","1","""Fighter"""
"1656","to attacks of opportunity","","1","","1","""Fighter"""
"1659","Outflank","","1","Outflank    When flanking","1","""Fighter"""
"1659","When flanking","","1","Outflank    When flanking","1","""Fighter"""
"1660","TEAMWORK","","1","TEAMWORK|FEATS","1","""Fighter"""
"1660","FEATS","","1","TEAMWORK|FEATS","1","""Fighter"""
"1661","per successive hit","","2","","1","""Fighter"""
"1663","SUBTOTAL","","1","SUBTOTAL BUFFS & TEAMWORK","1","""Fighter"""
"1663","BUFFS & TEAMWORK","","1","SUBTOTAL BUFFS & TEAMWORK","1","""Fighter"""
"1671","WEAPON","","1","WEAPON BONUSES","1","""Fighter"""
"1671","BONUSES","","1","WEAPON BONUSES","1","""Fighter"""
"1672","BUFFS","","1","","1","""Fighter"""
"1674","Favoured|Enemy","","1","","1","""Fighter"""
"1676","(require","","1","","1","""Fighter"""
"1677","Charge","","1","Charge  -2 to AC for the rest of the round","1","""Fighter"""
"1677","to","","1","Charge  -2 to AC for the rest of the round","1","""Fighter"""
"1677","AC","","1","Charge  -2 to AC for the rest of the round","1","""Fighter"""
"1677","for the rest of the round","","1","Charge  -2 to AC for the rest of the round","1","""Fighter"""
"1678","Half of Ranger’s|Favoured Enemy|bonus granted to|allies within","","1","Half of Ranger’s|Favoured Enemy|bonus granted to|allies within 30ft","1","""Fighter"""
"1678","30ft","","1","Half of Ranger’s|Favoured Enemy|bonus granted to|allies within 30ft","1","""Fighter"""
"1679","Morale Bonus","","1","Morale Bonus    Inspire Courage and similar","1","""Fighter"""
"1679","Inspire Courage and similar","","1","Morale Bonus    Inspire Courage and similar","1","""Fighter"""
"1680","Haste","","1","Haste    One extra attack at full bonus","1","""Fighter"""
"1680","One extra attack at full bonus","","1","Haste    One extra attack at full bonus","1","""Fighter"""
"1683","Cavalry Formation","","1","Cavalry Formation    Share space, charge through allied mount","1","""Fighter"""
"1683","Share space, charge through allied mount","","1","Cavalry Formation    Share space, charge through allied mount","1","""Fighter"""
"1684","Broken Wing Gambit","","1","Broken Wing Gambit    Grant +2/+2, get attack of opportunity","1","""Fighter"""
"1684","Grant","","1","Broken Wing Gambit    Grant +2/+2, get attack of opportunity","1","""Fighter"""
"1684",", get attack of opportunity","","1","Broken Wing Gambit    Grant +2/+2, get attack of opportunity","1","""Fighter"""
"1685","Improved Back to Back","","1","Improved Back to Back    +2 to ally’s AC","1","""Fighter"""
"1685","to ally’s","","1","Improved Back to Back    +2 to ally’s AC","1","""Fighter"""
"1685","AC","","1","Improved Back to Back    +2 to ally’s AC","1","""Fighter"""
"1686","Back to Back","","1","Back to Back    +2 to AC against flanking","1","""Fighter"""
"1686","to","","1","Back to Back    +2 to AC against flanking","1","""Fighter"""
"1686","AC","","1","Back to Back    +2 to AC against flanking","1","""Fighter"""
"1686","against flanking","","1","Back to Back    +2 to AC against flanking","1","""Fighter"""
"1687","Target of Opportunity","","1","Target of Opportunity    Extra attack when ally hits with ranged","1","""Fighter"""
"1687","Extra attack when ally hits with ranged","","1","Target of Opportunity    Extra attack when ally hits with ranged","1","""Fighter"""
"1688","Tandem Trip","","1","Tandem Trip    When ally is adjacent, roll twice for trip CMB","1","""Fighter"""
"1688","When ally is adjacent, roll twice for trip","","1","Tandem Trip    When ally is adjacent, roll twice for trip CMB","1","""Fighter"""
"1688","CMB","","1","Tandem Trip    When ally is adjacent, roll twice for trip CMB","1","""Fighter"""
"1689","Shake It Off","","1","Shake It Off    +1 to all saving throws per adjacent ally","1","""Fighter"""
"1689","to all saving throws per adjacent ally","","1","Shake It Off    +1 to all saving throws per adjacent ally","1","""Fighter"""
"1690","Seize the Moment","","1","Seize the Moment    AoO when ally confirms critical hit","1","""Fighter"""
"1690","AoO when ally confirms critical hit","","1","Seize the Moment    AoO when ally confirms critical hit","1","""Fighter"""
"1691","Pack Attack","","1","Pack Attack    Ally’s attack allows you to take 5ft step","1","""Fighter"""
"1691","Ally’s attack allows you to take","","1","Pack Attack    Ally’s attack allows you to take 5ft step","1","""Fighter"""
"1691","5ft","","1","Pack Attack    Ally’s attack allows you to take 5ft step","1","""Fighter"""
"1691","step","","1","Pack Attack    Ally’s attack allows you to take 5ft step","1","""Fighter"""
"1692","Improved Feint Partner","","1","Improved Feint Partner    When ally feints, gain AoO","1","""Fighter"""
"1692","When ally feints, gain AoO","","1","Improved Feint Partner    When ally feints, gain AoO","1","""Fighter"""
"1693","Feint Partner","","1","Feint Partner    When ally feints, enemy loses DEX bonus to AC","1","""Fighter"""
"1693","When ally feints, enemy loses","","1","Feint Partner    When ally feints, enemy loses DEX bonus to AC","1","""Fighter"""
"1693","DEX","","1","Feint Partner    When ally feints, enemy loses DEX bonus to AC","1","""Fighter"""
"1693","bonus to","","1","Feint Partner    When ally feints, enemy loses DEX bonus to AC","1","""Fighter"""
"1693","AC","","1","Feint Partner    When ally feints, enemy loses DEX bonus to AC","1","""Fighter"""
"1694","Escape Route","","1","Escape Route    Don’t provoke AoO when adjacent to an ally","1","""Fighter"""
"1694","Don’t provoke AoO when adjacent to an ally","","1","Escape Route    Don’t provoke AoO when adjacent to an ally","1","""Fighter"""
"1695","Coordinated Charge","","1","Coordinated Charge    Charge the same foe as an ally","1","""Fighter"""
"1695","Charge the same foe as an ally","","1","Coordinated Charge    Charge the same foe as an ally","1","""Fighter"""
"1696","Cleave","","1","Cleave    Extra attack if you hit","1","""Fighter"""
"1696","Extra attack if you hit","","1","Cleave    Extra attack if you hit","1","""Fighter"""
"1697","Improved Cleaving Finish","","1","Improved Cleaving Finish    Any number per round","1","""Fighter"""
"1697","Any number per round","","1","Improved Cleaving Finish    Any number per round","1","""Fighter"""
"1698","Cleaving Finish","","1","Cleaving Finish    Extra attack if enemy is knocked out","1","""Fighter"""
"1698","Extra attack if enemy is knocked out","","1","Cleaving Finish    Extra attack if enemy is knocked out","1","""Fighter"""
"1699","Great Cleave","","1","Great Cleave    Any number of extra attacks per round","1","""Fighter"""
"1699","Any number of extra attacks per round","","1","Great Cleave    Any number of extra attacks per round","1","""Fighter"""
"1701","WEAPON MASTERY","","1","","1","""Fighter"""
"1702","ATTACK FEATS","","1","","1","""Fighter"""
"1703","Allied Spellcaster","","1","Allied Spellcaster    +2 to overcome spell resistance","1","""Fighter"""
"1703","to overcome spell resistance","","1","Allied Spellcaster    +2 to overcome spell resistance","1","""Fighter"""
"1704","Swap Places","","1","Swap Places    Switch places with an ally","1","""Fighter"""
"1704","Switch places with an ally","","1","Swap Places    Switch places with an ally","1","""Fighter"""
"1705","Shielded Caster","","1","Shielded Caster    +4 to concentration checks","1","""Fighter"""
"1705","to concentration checks","","1","Shielded Caster    +4 to concentration checks","1","""Fighter"""
"1706","Shield Wall","","1","Shield Wall    +1 / +2 to AC when both using shields","1","""Fighter"""
"1706","to","","1","Shield Wall    +1 / +2 to AC when both using shields","1","""Fighter"""
"1706","AC","","1","Shield Wall    +1 / +2 to AC when both using shields","1","""Fighter"""
"1706","when both using shields","","1","Shield Wall    +1 / +2 to AC when both using shields","1","""Fighter"""
"1707","Lookout","","1","Lookout    Act in surprise round if ally can act","1","""Fighter"""
"1707","Act in surprise round if ally can act","","1","Lookout    Act in surprise round if ally can act","1","""Fighter"""
"1708","Duck and Cover","","1","Duck and Cover    Take ally’s result on reflex save","1","""Fighter"""
"1708","Take ally’s result on reflex save","","1","Duck and Cover    Take ally’s result on reflex save","1","""Fighter"""
"1709","Coordinated Manoeuvres","","1","Coordinated Manoeuvres    +2 to CMB","1","""Fighter"""
"1709","to","","1","Coordinated Manoeuvres    +2 to CMB","1","""Fighter"""
"1709","CMB","","1","Coordinated Manoeuvres    +2 to CMB","1","""Fighter"""
"1710","Coordinated Defence","","1","Coordinated Defence    +2 to CMD","1","""Fighter"""
"1710","to","","1","Coordinated Defence    +2 to CMD","1","""Fighter"""
"1710","CMD","","1","Coordinated Defence    +2 to CMD","1","""Fighter"""
"1711","CRITICAL","","1","CRITICAL EFFECTS","1","""Fighter"""
"1711","EFFECTS","","1","CRITICAL EFFECTS","1","""Fighter"""
"1712","Greater Weapon Specialisation","","1","","1","""Fighter"""
"1713","Threat range","","2","","1","""Fighter"""
"1716","Weapon Mastery","","1","Weapon Mastery    Increased critical range and always confirm critical hits","1","""Fighter"""
"1716","Increased critical range and always confirm critical hits","","1","Weapon Mastery    Increased critical range and always confirm critical hits","1","""Fighter"""
"1719","Base|Attack|Bonus","","1","","1","""Fighter"""
"1721","Improved Critical / Keen weapon / Keen magical effect","","1","","1","""Fighter"""
"1723","Weapon Specialisation:","","1","","1","""Fighter"""
"1724","Greater Penetrating Strike","","1","Greater Penetrating Strike    Ignore damage reduction up to 10/—","1","""Fighter"""
"1724","Ignore damage reduction up to 10/—","","1","Greater Penetrating Strike    Ignore damage reduction up to 10/—","1","""Fighter"""
"1725","Penetrating Strike","","1","Penetrating Strike    Ignore damage reduction up to 5/—","1","""Fighter"""
"1725","Ignore damage reduction up to 5/—","","1","Penetrating Strike    Ignore damage reduction up to 5/—","1","""Fighter"""
"1726","Greater Weapon Focus","","1","","1","""Fighter"""
"1727","Critical Focus","","2","","1","""Fighter"""
"1729","Masterwork","","1","Masterwork     Doesn’t stack with magic bonus","1","""Fighter"""
"1729","Doesn’t stack with magic bonus","","1","Masterwork     Doesn’t stack with magic bonus","1","""Fighter"""
"1731","Weapon Focus:","","1","","1","""Fighter"""
"1736","Off-hand weapon","","1","Off-hand weapon    (2 less for a light weapon)","1","""Fighter"""
"1736","less for a light weapon)","","1","Off-hand weapon    (2 less for a light weapon)","1","""Fighter"""
"1738","DR 5/— when wearing armour or using a shield","","1","","1","""Fighter"""
"1739","ARMOUR CHECK|PENALTY","","1","ARMOUR CHECK|PENALTY REDUCTION","1","""Fighter"""
"1739","REDUCTION","","1","ARMOUR CHECK|PENALTY REDUCTION","1","""Fighter"""
"1740","MAX ARMOUR|DEX","","1","MAX ARMOUR|DEX BONUS","1","""Fighter"""
"1740","BONUS","","1","MAX ARMOUR|DEX BONUS","1","""Fighter"""
"1741","Two-handed weapon","","1","","1","""Fighter"""
"1742","Two-weapon fighting","","1","Two-weapon fighting    Reduces penalty to:","1","""Fighter"""
"1742","Reduces penalty to:","","1","Two-weapon fighting    Reduces penalty to:","1","""Fighter"""
"1743","Double Slice","","1","Double Slice    No damage penalty","1","""Fighter"""
"1743","No damage penalty","","1","Double Slice    No damage penalty","1","""Fighter"""
"1744","Weapon Finesse","","1","Weapon Finesse  Use DEX for melee attack","1","""Fighter"""
"1744","Use","","1","Weapon Finesse  Use DEX for melee attack","1","""Fighter"""
"1744","DEX","","1","Weapon Finesse  Use DEX for melee attack","1","""Fighter"""
"1744","for melee attack","","1","Weapon Finesse  Use DEX for melee attack","1","""Fighter"""
"1761","TEAMWORK FEATS","","1","","1","""Fighter"""
"1762","ATTACK BONUS","","1","","1","""Fighter"""
"1763","CRIT","","1","","1","""Fighter"""
"1764","DMG","","1","","1","""Fighter"""
"1765","ATTACK BONUSES","","1","","1","""Fighter"""
"1766","MELEE","","1","","1","""Fighter"""
"1767","FIGHTER","","1","","1","""Fighter"""
"1769","Heavy Load","","2","","2","""Inventory without"", ""Inventory"""
"1771","Medium Load","","2","","2","""Inventory without"", ""Inventory"""
"1773","Light Load","","2","","2","""Inventory without"", ""Inventory"""
"1778","Debts","","1","","1","""Inventory without"""
"1782","Valuables","","2","","2","""Inventory without"", ""Party Funds"""
"1786","Other items","","1","","1","""Inventory without"""
"1791","Total","","5","","3","""Inventory without"", ""Inventory"", ""Party Funds"""
"1799","Platinum","","3","","3","""Inventory without"", ""Inventory"", ""Party Funds"""
"1800","pp","","3","","3","""Inventory without"", ""Inventory"", ""Party Funds"""
"1803","gp","","3","","3","""Inventory without"", ""Inventory"", ""Party Funds"""
"1804","Gold","","3","","3","""Inventory without"", ""Inventory"", ""Party Funds"""
"1807","sp","","3","","3","""Inventory without"", ""Inventory"", ""Party Funds"""
"1808","Silver","","3","","3","""Inventory without"", ""Inventory"", ""Party Funds"""
"1810","cp","","3","","3","""Inventory without"", ""Inventory"", ""Party Funds"""
"1811","Copper","","3","","3","""Inventory without"", ""Inventory"", ""Party Funds"""
"1812","VALUABLE ITEMS","","1","","1","""Inventory without"""
"1813","MONEY","","2","","2","""Inventory without"", ""Inventory"""
"1814","Value","","5","","3","""Inventory without"", ""Inventory"", ""Party Funds"""
"1815","INVENTORY","","2","","2","""Inventory without"", ""Inventory"""
"1816","coins","","1","","1","""Inventory without"""
"1817","50 coins weighs 1lb","","1","","1","""Inventory without"""
"1819","Total Weight","","4","","3","""Inventory without"", ""Inventory"", ""Party Funds"""
"1820","Coins","","1","","1","""Inventory without"""
"1822","Scrolls, Potions,|Wands, Components","","2","","2","""Inventory without"", ""Inventory"""
"1823","Worn Items","","2","","2","""Inventory without"", ""Inventory"""
"1826","Armour, Shield","","2","","2","""Inventory without"", ""Inventory"""
"1827","Weapons, Ammo","","2","","2","""Inventory without"", ""Inventory"""
"1828","Carried Items","","2","","2","""Inventory without"", ""Inventory"""
"1835","SHIELD","","2","","2","""Inventory without"", ""Inventory"""
"1836","ARMOUR","","2","","2","""Inventory without"", ""Inventory"""
"1837","Properties","","8","","2","""Inventory without"", ""Inventory"""
"1840","Spell Failure","","4","","2","""Inventory without"", ""Inventory"""
"1845","Check Penalty","","4","","2","""Inventory without"", ""Inventory"""
"1852","Max Speed","","2","","2","""Inventory without"", ""Inventory"""
"1855","Max AC DEX","","2","","2","""Inventory without"", ""Inventory"""
"1857","Feet","","2","","2","""Inventory without"", ""Inventory"""
"1858","Ring","","4","","2","""Inventory without"", ""Inventory"""
"1859","Arms / Wrists","","2","","2","""Inventory without"", ""Inventory"""
"1861","Clothes / Body","","2","","2","""Inventory without"", ""Inventory"""
"1862","Belts","","2","","2","""Inventory without"", ""Inventory"""
"1863","Chest","","2","","2","""Inventory without"", ""Inventory"""
"1864","Shoulders","","2","","2","""Inventory without"", ""Inventory"""
"1865","Neck / Throat","","2","","2","""Inventory without"", ""Inventory"""
"1866","Eyes","","2","","2","""Inventory without"", ""Inventory"""
"1867","Headband","","2","","2","""Inventory without"", ""Inventory"""
"1868","Hands","","2","","2","""Inventory without"", ""Inventory"""
"1870","Hat / Mask","","2","","2","""Inventory without"", ""Inventory"""
"1895","CHARGES","","7","","7","""Inventory"", ""Paladin"", ""Sorcerer"", ""Wizard"", ""Ranger - Archery"", ""Ranger - Two-weapon fighting"", ""Ranger"""
"1897","WANDS","","7","","7","""Inventory"", ""Paladin"", ""Sorcerer"", ""Wizard"", ""Ranger - Archery"", ""Ranger - Two-weapon fighting"", ""Ranger"""
"1916","POTIONS","","9","","9","""Inventory"", ""Paladin"", ""Sorcerer"", ""Wizard"", ""Druid (Animal Companion)"", ""Druid (Domain)"", ""Ranger - Archery"", ""Ranger - Two-weapon fighting"", ""Ranger"""
"1917","SCROLLS","","9","","9","""Inventory"", ""Paladin"", ""Sorcerer"", ""Wizard"", ""Druid (Animal Companion)"", ""Druid (Domain)"", ""Ranger - Archery"", ""Ranger - Two-weapon fighting"", ""Ranger"""
"1967","Paladin|Level","","9","","1","""Paladin"""
"1977","FOES","","1","FOES|PER DAY","1","""Paladin"""
"1977","PER DAY","","1","FOES|PER DAY","1","""Paladin"""
"1989","DEFLECTION","","1","DEFLECTION|BONUS","1","""Paladin"""
"1989","BONUS","","1","DEFLECTION|BONUS","1","""Paladin"""
"2005","HEALING","","1","HEALING|HIT POINTS","1","""Paladin"""
"2005","HIT POINTS","","1","HEALING|HIT POINTS","1","""Paladin"""
"2015","DIVINE BOND","","1","","1","""Paladin"""
"2016","BONDED WEAPON","","1","","1","""Paladin"""
"2017","SPECIAL MOUNT","","1","","1","""Paladin"""
"2021","USES","","1","USES|PER DAY","1","""Paladin"""
"2021","PER DAY","","1","USES|PER DAY","1","""Paladin"""
"2022","MERCIES","","1","","1","""Paladin"""
"2023","CHANNEL POSITIVE ENERGY","","1","","1","""Paladin"""
"2035","Summoned|Today","","1","","1","""Paladin"""
"2037","Enhancements","","1","","1","""Paladin"""
"2041","DEITY","","3","","3","""Paladin"", ""Druid (Animal Companion)"", ""Druid (Domain)"""
"2047","LAY ON HANDS","","1","","1","""Paladin"""
"2048","SMITE EVIL","","1","","1","""Paladin"""
"2051","ATTACK","","1","ATTACK|BONUS","1","""Paladin"""
"2051","BONUS","","1","ATTACK|BONUS","1","""Paladin"""
"2059","EVIL DAMAGE","","1","EVIL DAMAGE|BONUS","1","""Paladin"""
"2059","BONUS","","1","EVIL DAMAGE|BONUS","1","""Paladin"""
"2063","DAMAGE","","1","DAMAGE|BONUS","1","""Paladin"""
"2063","BONUS","","1","DAMAGE|BONUS","1","""Paladin"""
"2064","A successful strike with smite evil|bypasses damage reduction.","","1","","1","""Paladin"""
"2065","Smiting damage bonus applies double for the|first successful strike against evil outsiders, |evil dragons and the undead.","","1","","1","""Paladin"""
"2066","Foes|Today","","1","","1","""Paladin"""
"2067","Uses Today","","1","","1","""Paladin"""
"2072","Bonus Spells","","1","Bonus Spells|CHA","1","""Paladin"""
"2072","CHA","","1","Bonus Spells|CHA","1","""Paladin"""
"2078","Channelling positive energy uses up two of today’s|uses of Lay On Hands.","","1","","1","""Paladin"""
"2081","PALADIN","","1","","1","""Paladin"""
"2086","CONTAINER","","1","","1","""Party Funds"""
"2089","Cash","","2","","1","""Party Funds"""
"2092","PARTY FUNDS","","1","","1","""Party Funds"""
"2100","per","","1","","1","""Party Funds"""
"2101","PAYMENTS","","1","","1","""Party Funds"""
"2116","Debit","","1","","1","""Party Funds"""
"2121","Credit","","1","","1","""Party Funds"""
"2126","Sundry","","1","","1","""Party Funds"""
"2131","Assets","","1","","1","""Party Funds"""
"2157","REGULAR PAYMENTS","","1","","1","""Party Funds"""
"2158","TOTAL FUNDS","","1","","1","""Party Funds"""
"2159","DEBTS","","1","","1","""Party Funds"""
"2160","CASH","","1","","1","""Party Funds"""
"2161","QUEST ITEMS","","1","","1","""Party Funds"""
"2162","PARTY INVENTORY","","1","","1","""Party Funds"""
"2167","Attained","","1","","1","""Party Funds"""
"2168","Carried by / given to","","1","","1","""Party Funds"""
"2169","Item","","1","","1","""Party Funds"""
"2175","MASTER STRIKE","","1","","1","""Rogue"""
"2178","Rogue|Level","","8","","1","""Rogue"""
"2180","MASTER STRIKE","","1","MASTER STRIKE|FORTITUDE DC","1","""Rogue"""
"2180","FORTITUDE DC","","1","MASTER STRIKE|FORTITUDE DC","1","""Rogue"""
"2181","Master strike cannot be used again on the same target within|24 hours, whether they pass the Fortitude save or not.","","1","","1","""Rogue"""
"2182","A successful sneak attack can also deliver one of:| • Sleep for 1d4 hours| • Paralysed for 2d6 rounds| • Slain","","1","","1","""Rogue"""
"2188","Disable Traps","","1","","1","""Rogue"""
"2189","Disable|Device","","1","","1","""Rogue"""
"2194","Locate Traps","","1","","1","""Rogue"""
"2195","SNEAK ATTACK","","1","","1","""Rogue"""
"2201","SNEAK DAMAGE","","1","SNEAK DAMAGE|BONUS","1","""Rogue"""
"2201","BONUS","","1","SNEAK DAMAGE|BONUS","1","""Rogue"""
"2202","TRAPS","","1","","1","""Rogue"""
"2209","TRAP SENSE","","1","TRAP SENSE|REFLEX BONUS","1","""Rogue"""
"2209","REFLEX BONUS","","1","TRAP SENSE|REFLEX BONUS","1","""Rogue"""
"2211","ROGUE","","2","","1","""Rogue"""
"2232","Sneak attack damage can be applied when a target is flanked or|is denied their DEX bonus to AC.|On ranged attacks, it only applies within 30 ft.|It is not multiplied by critical hits.|It cannot be non-lethal unless using a non-lethal weapon.","","1","","1","""Rogue"""
"2233","From level 10, a Rogue|can take Advanced Talents","","1","","1","""Rogue"""
"2235","TALENTS","","1","TALENTS|KNOWN","1","""Rogue"""
"2235","KNOWN","","1","TALENTS|KNOWN","1","""Rogue"""
"2236","ROGUE TALENTS","","1","","1","""Rogue"""
"2237","Master Strike","","1","","1","""Rogue"""
"2239","Advanced Talents","","1","","1","""Rogue"""
"2241","Improved Uncanny Dodge","","2","","2","""Rogue"", ""Barbarian"""
"2243","Uncanny Dodge","","2","","2","""Rogue"", ""Barbarian"""
"2249","Sneak Attack","","1","","1","""Rogue"""
"2250","Trapfinding","","1","","1","""Rogue"""
"2259","BLOODLINE","","1","","1","""Sorcerer"""
"2263","SORCERER","","1","","1","""Sorcerer"""
"2266","Level|Bonus","","7","","7","""Sorcerer"", ""Wizard"", ""Druid (Animal Companion)"", ""Druid (Domain)"", ""Ranger - Archery"", ""Ranger - Two-weapon fighting"", ""Ranger"""
"2316","ARCANE BOND","","1","","1","""Wizard"""
"2317","SPELL SCHOOLS","","1","","1","""Wizard"""
"2320","Speciality Spell","","9","","1","""Wizard"""
"2328","BONDED OBJECT","","1","","1","""Wizard"""
"2341","Specialist|Spell","","1","","1","""Wizard"""
"2352","Bonus|Spells","","1","","1","""Wizard"""
"2353","INT - 12","","1","","1","""Wizard"""
"2354","INT - 8","","1","","1","""Wizard"""
"2355","INT - 4","","1","","1","""Wizard"""
"2363","Spells from your opposed schools cost two slots to prepare.","","1","","1","""Wizard"""
"2364","Spell Save DC = 10 + INT + Spell Level","","1","","1","""Wizard"""
"2371","WIZARD","","1","","1","""Wizard"""
"2372","SPECIALITY","","1","SPECIALITY SCHOOL","1","""Wizard"""
"2372","SCHOOL","","1","SPECIALITY SCHOOL","1","""Wizard"""
"2373","OPPOSED","","1","OPPOSED SCHOOLS","1","""Wizard"""
"2373","SCHOOLS","","1","OPPOSED SCHOOLS","1","""Wizard"""
"2409","BARBARIAN!","","2","","2","""Barbarian - Character Info"", ""Barbarian"""
"2412","RAGE!","","1","RAGE!|Modifier","1","""Barbarian - Character Info"""
"2412","Modifier","","1","RAGE!|Modifier","1","""Barbarian - Character Info"""
"2415","Fatigue|Modifier","","1","","1","""Barbarian - Character Info"""
"2501","Forbidden|During","","1","Forbidden|During|RAGE!","1","""Barbarian - Character Info"""
"2501","RAGE!","","1","Forbidden|During|RAGE!","1","""Barbarian - Character Info"""
"2505","Racial,|Feats,|Synergy","","2","","2","""Barbarian - Character Info"", ""Ranger - Character Info"""
"2565","RAGE!","","12","","2","""Barbarian - Combat"", ""Barbarian"""
"2566","AC Penalty","","1","","1","""Barbarian - Combat"""
"2578","Fatigued","","4","","2","""Barbarian - Combat"", ""Monk"""
"2810","Ability Modifier =|    (Total Ability Score - 10) ÷ 2","","1","","1","""Barbarian"""
"2813","GREATER","","1","GREATER RAGE!","1","""Barbarian"""
"2813","RAGE!","","1","GREATER RAGE!","1","""Barbarian"""
"2814","MIGHTY","","1","MIGHTY RAGE!","1","""Barbarian"""
"2814","RAGE!","","1","MIGHTY RAGE!","1","""Barbarian"""
"2822","Damage Reduction 3/","","1","Damage Reduction 3/―","1","""Barbarian"""
"2824","Trap Sense +5","","1","","1","""Barbarian"""
"2826","Indomitable Will","","1","","1","""Barbarian"""
"2828","Damage Reduction 5/","","1","Damage Reduction 5/―","1","""Barbarian"""
"2830","Mighty","","1","Mighty RAGE!","1","""Barbarian"""
"2830","RAGE!","","1","Mighty RAGE!","1","""Barbarian"""
"2832","Trap Sense +6","","1","","1","""Barbarian"""
"2834","Tireless","","1","Tireless RAGE!","1","""Barbarian"""
"2834","RAGE!","","1","Tireless RAGE!","1","""Barbarian"""
"2836","Greater","","1","Greater RAGE!","1","""Barbarian"""
"2836","RAGE!","","1","Greater RAGE!","1","""Barbarian"""
"2838","Damage Reduction 4/","","1","Damage Reduction 4/―","1","""Barbarian"""
"2840","Damage Reduction 2/","","1","Damage Reduction 2/―","1","""Barbarian"""
"2842","Trap Sense +4","","1","","1","""Barbarian"""
"2843","Trap Sense +3","","1","","1","""Barbarian"""
"2846","Damage Reduction 1/","","1","Damage Reduction 1/―","1","""Barbarian"""
"2848","Trap Sense +2","","1","","1","""Barbarian"""
"2852","Trap Sense +1","","1","","1","""Barbarian"""
"2857","Barbarian|Level","","6","","1","""Barbarian"""
"2859","Fast Movement","","1","","1","""Barbarian"""
"2861","DAMAGE REDUCTION","","1","","1","""Barbarian"""
"2866","DAMAGE","","1","DAMAGE|REDUCTION","1","""Barbarian"""
"2866","REDUCTION","","1","DAMAGE|REDUCTION","1","""Barbarian"""
"2867","TRAP SENSE","","1","","1","""Barbarian"""
"2868","BARBARIAN","","1","","1","""Barbarian"""
"2897","Dexterity Score|Penalty:","","1","Dexterity Score|Penalty: -2","1","""Barbarian"""
"2898","Strength Score|Penalty:","","1","Strength Score|Penalty: -2","1","""Barbarian"""
"2899","Cannot rage, run or charge|while fatigued.","","1","","1","""Barbarian"""
"2903","RAGE!","","1","RAGE!|TODAY","1","""Barbarian"""
"2903","TODAY","","1","RAGE!|TODAY","1","""Barbarian"""
"2904","ARMOUR|CLASS","","1","ARMOUR|CLASS|PENALTY","1","""Barbarian"""
"2904","PENALTY","","1","ARMOUR|CLASS|PENALTY","1","""Barbarian"""
"2905","WILL|SAVE","","1","WILL|SAVE|BONUS","1","""Barbarian"""
"2905","BONUS","","1","WILL|SAVE|BONUS","1","""Barbarian"""
"2906","CONSTITUTION|SCORE","","1","CONSTITUTION|SCORE|BONUS","1","""Barbarian"""
"2906","BONUS","","1","CONSTITUTION|SCORE|BONUS","1","""Barbarian"""
"2907","STRENTH|SCORE","","1","STRENTH|SCORE|BONUS","1","""Barbarian"""
"2907","BONUS","","1","STRENTH|SCORE|BONUS","1","""Barbarian"""
"2908","RAGE!","","1","RAGE!  DURATION|PER DAY","1","""Barbarian"""
"2908","DURATION","","1","RAGE!  DURATION|PER DAY","1","""Barbarian"""
"2908","PER DAY","","1","RAGE!  DURATION|PER DAY","1","""Barbarian"""
"2910","RAGE!","","1","RAGE!|Duration","1","""Barbarian"""
"2910","Duration","","1","RAGE!|Duration","1","""Barbarian"""
"2912","FATIGUED","","1","FATIGUED|DURATION","1","""Barbarian"""
"2912","DURATION","","1","FATIGUED|DURATION","1","""Barbarian"""
"2918","TRAP SENSE","","1","TRAP SENSE|BONUS","1","""Barbarian"""
"2918","BONUS","","1","TRAP SENSE|BONUS","1","""Barbarian"""
"2926","RAGE!","","1","RAGE! POWERS","1","""Barbarian"""
"2926","POWERS","","1","RAGE! POWERS","1","""Barbarian"""
"2930","RAGE!","","1","RAGE! POWERS |KNOWN","1","""Barbarian"""
"2930","POWERS","","1","RAGE! POWERS |KNOWN","1","""Barbarian"""
"2930","KNOWN","","1","RAGE! POWERS |KNOWN","1","""Barbarian"""
"2938","Druid Level","","2","","2","""Druid (Animal Companion)"", ""Druid (Domain)"""
"2939","WILD EMPATHY","","5","WILD EMPATHY|BONUS","5","""Druid (Animal Companion)"", ""Druid (Domain)"", ""Ranger - Archery"", ""Ranger - Two-weapon fighting"", ""Ranger"""
"2939","BONUS","","5","WILD EMPATHY|BONUS","5","""Druid (Animal Companion)"", ""Druid (Domain)"", ""Ranger - Archery"", ""Ranger - Two-weapon fighting"", ""Ranger"""
"2940","WILD EMPATHY","","5","","5","""Druid (Animal Companion)"", ""Druid (Domain)"", ""Ranger - Archery"", ""Ranger - Two-weapon fighting"", ""Ranger"""
"2943","Timeless Body","","2","Timeless Body|No longer age, cannot be magically aged","2","""Druid (Animal Companion)"", ""Druid (Domain)"""
"2943","No longer age, cannot be magically aged","","2","Timeless Body|No longer age, cannot be magically aged","2","""Druid (Animal Companion)"", ""Druid (Domain)"""
"2945","A Thousand Faces","","2","A Thousand Faces|Change appearance at will","2","""Druid (Animal Companion)"", ""Druid (Domain)"""
"2945","Change appearance at will","","2","A Thousand Faces|Change appearance at will","2","""Druid (Animal Companion)"", ""Druid (Domain)"""
"2947","Venom Immunity","","2","Venom Immunity|Immune to all poisons","2","""Druid (Animal Companion)"", ""Druid (Domain)"""
"2947","Immune to all poisons","","2","Venom Immunity|Immune to all poisons","2","""Druid (Animal Companion)"", ""Druid (Domain)"""
"2951","Wild Shape","","2","Wild Shape|Become any small or medium animal","2","""Druid (Animal Companion)"", ""Druid (Domain)"""
"2951","Become any small or medium animal","","2","Wild Shape|Become any small or medium animal","2","""Druid (Animal Companion)"", ""Druid (Domain)"""
"2952","Resist Nature’s Lure","","2","Resist Nature’s Lure|+4 to saves against the fey and plants","2","""Druid (Animal Companion)"", ""Druid (Domain)"""
"2952","+4 to saves against the fey and plants","","2","Resist Nature’s Lure|+4 to saves against the fey and plants","2","""Druid (Animal Companion)"", ""Druid (Domain)"""
"2953","Trackless Step","","2","Trackless Step|Leave no trail, unless deliberately","2","""Druid (Animal Companion)"", ""Druid (Domain)"""
"2953","Leave no trail, unless deliberately","","2","Trackless Step|Leave no trail, unless deliberately","2","""Druid (Animal Companion)"", ""Druid (Domain)"""
"2954","Woodland Stride","","2","Woodland Stride|Move through undergrowth at normal speed|and taking no damage","2","""Druid (Animal Companion)"", ""Druid (Domain)"""
"2954","Move through undergrowth at normal speed|and taking no damage","","2","Woodland Stride|Move through undergrowth at normal speed|and taking no damage","2","""Druid (Animal Companion)"", ""Druid (Domain)"""
"2955","Wild Empathy","","2","Wild Empathy|Improve the attitude of an animal","2","""Druid (Animal Companion)"", ""Druid (Domain)"""
"2955","Improve the attitude of an animal","","2","Wild Empathy|Improve the attitude of an animal","2","""Druid (Animal Companion)"", ""Druid (Domain)"""
"2956","Nature Sense","","2","Nature Sense|+2 to Knowledge (nature) and Survival","2","""Druid (Animal Companion)"", ""Druid (Domain)"""
"2956","+2 to Knowledge (nature) and Survival","","2","Nature Sense|+2 to Knowledge (nature) and Survival","2","""Druid (Animal Companion)"", ""Druid (Domain)"""
"2957","Druid|Level","","8","","6","""Druid (Animal Companion)"", ""Druid (Domain)"", ""Wild Shape"", ""Ranger - Archery"", ""Ranger - Two-weapon fighting"", ""Ranger"""
"2958","DRUID","","4","","2","""Druid (Animal Companion)"", ""Druid (Domain)"""
"2965","DOMAIN","","2","","2","""Druid (Animal Companion)"", ""Druid (Domain)"""
"2967","Animal Companion’s Name","","1","","1","""Druid (Animal Companion)"""
"2978","NATURE BOND","","2","","2","""Druid (Animal Companion)"", ""Druid (Domain)"""
"2979","WILD SHAPE","","3","","3","""Druid (Animal Companion)"", ""Druid (Domain)"", ""Wild Shape"""
"3014","Current Shape","","2","","2","""Druid (Animal Companion)"", ""Druid (Domain)"""
"3016","Times Today","","2","","2","""Druid (Animal Companion)"", ""Druid (Domain)"""
"3017","Times per day","","2","","2","""Druid (Animal Companion)"", ""Druid (Domain)"""
"3178","SPECIAL ABILITIES","","1","","1","""Wild Shape"""
"3223","Misc|Modifier","","1","","1","""Wild Shape"""
"3266","Initiative","","1","","1","""Wild Shape"""
"3309","Monk Level|÷ 4","","3","","1","""Monk - Combat"""
"3385","Base|Attack Bonus /|Monk Level","","1","","1","""Monk - Combat"""
"3407","Monk bonus applies when|unarmoured and unencumbered","","1","","1","""Monk - Combat"""
"3435","Improved Evasion","","2","","2","""Monk - Combat"", ""Monk"""
"3473","COMBAT|MANOEUVRE","","1","COMBAT|MANOEUVRE|BONUS","1","""Monk - Combat"""
"3473","BONUS","","1","COMBAT|MANOEUVRE|BONUS","1","""Monk - Combat"""
"3474","FLURRY OF BLOWS","","1","FLURRY OF BLOWS|BASE ATTACK BONUS","1","""Monk - Combat"""
"3474","BASE ATTACK BONUS","","1","FLURRY OF BLOWS|BASE ATTACK BONUS","1","""Monk - Combat"""
"3494","Unarmed Strike","","2","","2","""Monk - Combat"", ""Monk"""
"3496","Using any combination of|unarmed strikes and Monk|weapons: Kama, Nunchaku,|Quarterstaff, Sai, Shuriken,|Siangham","","1","","1","""Monk - Combat"""
"3576","Make unarmed strikes with any free limb|Flurry of blows uses full","","1","Make unarmed strikes with any free limb|Flurry of blows uses full STR bonus, even with off hand","1","""Monk - Combat"""
"3576","STR","","1","Make unarmed strikes with any free limb|Flurry of blows uses full STR bonus, even with off hand","1","""Monk - Combat"""
"3576","bonus, even with off hand","","1","Make unarmed strikes with any free limb|Flurry of blows uses full STR bonus, even with off hand","1","""Monk - Combat"""
"3577","Flurry of Blows Attack Bonus","","1","","1","""Monk - Combat"""
"3581","KI POOL","","2","","1","""Monk"""
"3597","PERFECT SELF","","1","","1","""Monk"""
"3598","QUIVERING PALM","","1","","1","""Monk"""
"3599","DIAMOND SOUL","","1","","1","""Monk"""
"3601","Monk Level","","5","","1","""Monk"""
"3603","Snatch Arrows","","1","","1","""Monk"""
"3604","Spring Attack","","1","","1","""Monk"""
"3605","Medusa’s Wrath","","1","","1","""Monk"""
"3606","Improved Critical","","1","","1","""Monk"""
"3607","Improved Trip","","1","","1","""Monk"""
"3608","Mobility","","1","","1","""Monk"""
"3609","Improved Disarm","","1","","1","""Monk"""
"3610","Improved Feint","","1","","1","""Monk"""
"3611","Improved Bull Rush","","1","","1","""Monk"""
"3612","Gorgon’s Fist","","1","","1","""Monk"""
"3615","Monk|Level","","6","","1","""Monk"""
"3616","Non-Monk|Levels","","1","","1","""Monk"""
"3617","STUNNING FIST","","1","STUNNING FIST|TODAY","1","""Monk"""
"3617","TODAY","","1","STUNNING FIST|TODAY","1","""Monk"""
"3618","STUNNING FIST","","1","STUNNING FIST|PER DAY","1","""Monk"""
"3618","PER DAY","","1","STUNNING FIST|PER DAY","1","""Monk"""
"3623","FORTITUDE|SAVE","","2","FORTITUDE|SAVE DC","1","""Monk"""
"3623","DC","","2","FORTITUDE|SAVE DC","1","""Monk"""
"3631","QUIVER","","1","QUIVER DAYS","1","""Monk"""
"3631","DAYS","","1","QUIVER DAYS","1","""Monk"""
"3632","SPELL","","1","SPELL RESISTANCE","1","""Monk"""
"3632","RESISTANCE","","1","SPELL RESISTANCE","1","""Monk"""
"3634","BONUS FEATS","","1","","1","""Monk"""
"3635","WHOLENESS OF BODY","","1","","1","""Monk"""
"3636","STUNNING FIST","","1","","1","""Monk"""
"3637","HEALING|POINTS","","1","","1","""Monk"""
"3638","No action this round|Lose","","2","No action this round|Lose DEX bonus to AC; -2 AC","1","""Monk"""
"3638","DEX","","2","No action this round|Lose DEX bonus to AC; -2 AC","1","""Monk"""
"3638","bonus to","","2","No action this round|Lose DEX bonus to AC; -2 AC","1","""Monk"""
"3638","AC","","4","No action this round|Lose DEX bonus to AC; -2 AC","1","""Monk"""
"3639","Paralysed","","1","","1","""Monk"""
"3641","-4 initiative; 20% miss chance when attacking|-4 on opposed Perception|automatically fail Perception checks for sound","","1","","1","""Monk"""
"3642","Deafened","","1","","1","""Monk"""
"3643","Lose","","1","Lose DEX bonus to AC; -2 AC|-4 on STR and DEX skills, opposed Perception|50% miss chance when attacking|DC 10 Acrobatics to move more than half speed","1","""Monk"""
"3643","DEX","","2","Lose DEX bonus to AC; -2 AC|-4 on STR and DEX skills, opposed Perception|50% miss chance when attacking|DC 10 Acrobatics to move more than half speed","1","""Monk"""
"3643","bonus to","","1","Lose DEX bonus to AC; -2 AC|-4 on STR and DEX skills, opposed Perception|50% miss chance when attacking|DC 10 Acrobatics to move more than half speed","1","""Monk"""
"3643","AC","","2","Lose DEX bonus to AC; -2 AC|-4 on STR and DEX skills, opposed Perception|50% miss chance when attacking|DC 10 Acrobatics to move more than half speed","1","""Monk"""
"3643","-4 on","","1","Lose DEX bonus to AC; -2 AC|-4 on STR and DEX skills, opposed Perception|50% miss chance when attacking|DC 10 Acrobatics to move more than half speed","1","""Monk"""
"3643","STR","","1","Lose DEX bonus to AC; -2 AC|-4 on STR and DEX skills, opposed Perception|50% miss chance when attacking|DC 10 Acrobatics to move more than half speed","1","""Monk"""
"3643","and","","1","Lose DEX bonus to AC; -2 AC|-4 on STR and DEX skills, opposed Perception|50% miss chance when attacking|DC 10 Acrobatics to move more than half speed","1","""Monk"""
"3643","skills, opposed Perception|50% miss chance when attacking|DC 10 Acrobatics to move more than half speed","","1","Lose DEX bonus to AC; -2 AC|-4 on STR and DEX skills, opposed Perception|50% miss chance when attacking|DC 10 Acrobatics to move more than half speed","1","""Monk"""
"3644","or","","1","","1","""Monk"""
"3645","Blinded","","1","","1","""Monk"""
"3647","May make a standard or move action,| but not both","","1","","1","""Monk"""
"3648","Staggered","","1","","1","""Monk"""
"3650","-2 to attack rolls, damage rolls,| saving throws, skill and ability checks","","1","","1","""Monk"""
"3651","Sickened","","1","","1","""Monk"""
"3653","Cannot run or charge|-2 Strength and Dexterity","","1","","1","""Monk"""
"3656","Throw Anything","","1","","1","""Monk"""
"3657","Improved Grapple","","1","","1","""Monk"""
"3658","days","","1","","1","""Monk"""
"3659","Scorpion Style","","1","","1","""Monk"""
"3660","Deflect Arrows","","1","","1","""Monk"""
"3661","Dodge","","1","","1","""Monk"""
"3662","Combat Reflexes","","1","","1","""Monk"""
"3663","Catch off-guard","","1","","1","""Monk"""
"3665","Stunned","","1","","1","""Monk"""
"3669","Treated as an Outsider","","1","Treated as an Outsider|Immune to Charm Person and other effects that|target non-outsiders.|Damage reduction 10/chaotic","1","""Monk"""
"3669","Immune to Charm Person and other effects that|target non-outsiders.|Damage reduction","","1","Treated as an Outsider|Immune to Charm Person and other effects that|target non-outsiders.|Damage reduction 10/chaotic","1","""Monk"""
"3669","10/chaotic","","1","Treated as an Outsider|Immune to Charm Person and other effects that|target non-outsiders.|Damage reduction 10/chaotic","1","""Monk"""
"3671","FALL","","1","","1","""Monk"""
"3672","to ignore 10ft of falling damage","","1","","1","""Monk"""
"3673","15 Acrobatics","","1","","1","""Monk"""
"3674","Bonus only applied when unarmoured,|unencumbered and not helpless","","1","","1","""Monk"""
"3675","EMPTY BODY","","1","","1","""Monk"""
"3678","Rounds Today","","1","","1","""Monk"""
"3680","ETHERIAL","","1","ETHERIAL|ROUNDS","1","""Monk"""
"3680","ROUNDS","","1","ETHERIAL|ROUNDS","1","""Monk"""
"3682","CMD","","1","CMD BONUS","1","""Monk"""
"3682","BONUS","","1","CMD BONUS","1","""Monk"""
"3687","AC","","1","AC BONUS","1","""Monk"""
"3687","BONUS","","1","AC BONUS","1","""Monk"""
"3696","KI POOL","","1","KI POOL|CAPACITY","1","""Monk"""
"3696","CAPACITY","","1","KI POOL|CAPACITY","1","""Monk"""
"3699","ARMOUR CLASS BONUS","","1","","1","""Monk"""
"3700","ACROBATICS","","1","","1","""Monk"""
"3702","MONK","","2","","1","""Monk"""
"3703","Distance","","2","","1","""Monk"""
"3704","11ft","","1","","1","""Monk"""
"3705","55ft","","1","","1","""Monk"""
"3708","10ft","","2","","1","""Monk"""
"3709","50ft","","1","","1","""Monk"""
"3712","9ft","","1","","1","""Monk"""
"3713","45ft","","1","","1","""Monk"""
"3716","8ft","","1","","1","""Monk"""
"3717","40ft","","1","","1","""Monk"""
"3720","7ft","","1","","1","""Monk"""
"3721","35ft","","1","","1","""Monk"""
"3724","6ft","","1","","1","""Monk"""
"3725","30ft","","1","","1","""Monk"""
"3728","5ft","","2","","1","""Monk"""
"3729","25ft","","1","","1","""Monk"""
"3732","4ft","","1","","1","""Monk"""
"3733","20ft","","1","","1","""Monk"""
"3736","3ft","","1","","1","""Monk"""
"3737","15ft","","1","","1","""Monk"""
"3740","2ft","","1","","1","""Monk"""
"3744","1ft","","1","","1","""Monk"""
"3753","for every 10ft of your standard move above 30ft","","1","","1","""Monk"""
"3754","Acrobatics skill +4","","1","","1","""Monk"""
"3755","CATCH LEDGE","","1","","1","""Monk"""
"3756","if you fail a jump by 4 or less","","1","","1","""Monk"""
"3757","20 Reflex save","","1","","1","""Monk"""
"3758","HIGH JUMP","","1","","1","""Monk"""
"3759","MOVE THROUGH ENEMY’S OWN SQUARE","","1","","1","""Monk"""
"3760","at half speed","","2","","1","""Monk"""
"3761","+10 to move at full speed","","2","","1","""Monk"""
"3762","Acrobatics DC = 5 + Opponent’s","","1","Acrobatics DC = 5 + Opponent’s CMD","1","""Monk"""
"3762","CMD","","1","Acrobatics DC = 5 + Opponent’s CMD","1","""Monk"""
"3763","MOVE THROUGH THREATENED SQUARE","","1","","1","""Monk"""
"3766","Acrobatics DC = Opponent’s","","1","Acrobatics DC = Opponent’s CMD","1","""Monk"""
"3766","CMD","","1","Acrobatics DC = Opponent’s CMD","1","""Monk"""
"3767","LONG JUMP","","1","","1","""Monk"""
"3768","No age penalties or artificial ageing","","1","","1","""Monk"""
"3769","Speak with any living creature","","1","","1","""Monk"""
"3770","Tongue of the Sun and Moon","","1","","1","""Monk"""
"3771","Timeless Body","","1","","1","""Monk"""
"3773","(which grants","","1","(which grants +8 to Acrobatics)","1","""Monk"""
"3773","to Acrobatics)","","1","(which grants +8 to Acrobatics)","1","""Monk"""
"3774","Slow Fall","","1","Slow Fall 30 ft","1","""Monk"""
"3774","30 ft","","1","Slow Fall 30 ft","1","""Monk"""
"3775","Fast Movement","","1","Fast Movement +20 ft","1","""Monk"""
"3775","+20 ft","","1","Fast Movement +20 ft","1","""Monk"""
"3777","(which grants","","1","(which grants +24 to Acrobatics)","1","""Monk"""
"3777","to Acrobatics)","","1","(which grants +24 to Acrobatics)","1","""Monk"""
"3778","Slow Fall","","1","Slow Fall 90 ft","1","""Monk"""
"3778","90 ft","","1","Slow Fall 90 ft","1","""Monk"""
"3779","Fast Movement","","1","Fast Movement +60 ft","1","""Monk"""
"3779","+60 ft","","1","Fast Movement +60 ft","1","""Monk"""
"3781","Treated as outsider","","1","","1","""Monk"""
"3782","Slow Fall","","1","Slow Fall Any distance","1","""Monk"""
"3782","Any distance","","1","Slow Fall Any distance","1","""Monk"""
"3783","Perfect Self","","1","","1","""Monk"""
"3784","2d8 / 4d8","","1","","1","""Monk"""
"3785","2d10","","1","","1","""Monk"""
"3787","Treat unarmed attacks as adamantine weapons","","1","","1","""Monk"""
"3788","Slow Fall","","1","Slow Fall 80 ft","1","""Monk"""
"3788","80 ft","","1","Slow Fall 80 ft","1","""Monk"""
"3789","Ki Pool (adamantine)","","1","","1","""Monk"""
"3790","2d6 / 3d8","","1","","1","""Monk"""
"3793","(which grants","","1","(which grants +20 to Acrobatics)","1","""Monk"""
"3793","to Acrobatics)","","1","(which grants +20 to Acrobatics)","1","""Monk"""
"3794","Delayed death","","1","","1","""Monk"""
"3795","Fast Movement","","1","Fast Movement +50 ft","1","""Monk"""
"3795","+50 ft","","1","Fast Movement +50 ft","1","""Monk"""
"3796","Quivering Palm","","1","","1","""Monk"""
"3798","Treat unarmed attacks as lawful weapons","","1","","1","""Monk"""
"3799","Slow Fall","","1","Slow Fall 50 ft","1","""Monk"""
"3799","50 ft","","1","Slow Fall 50 ft","1","""Monk"""
"3800","Ki Pool (lawful)","","1","","1","""Monk"""
"3802","(which grants","","1","(which grants +12 to Acrobatics)","1","""Monk"""
"3802","to Acrobatics)","","1","(which grants +12 to Acrobatics)","1","""Monk"""
"3803","Avoid half damage on failed reflex save","","1","","1","""Monk"""
"3804","Fast Movement","","1","Fast Movement +30 ft","1","""Monk"""
"3804","+30 ft","","1","Fast Movement +30 ft","1","""Monk"""
"3807","Reduce effective falling height using wall","","1","","1","""Monk"""
"3808","Treat unarmed attacks as magic weapons","","1","","1","""Monk"""
"3809","Slow Fall","","1","Slow Fall 20 ft","1","""Monk"""
"3809","20 ft","","1","Slow Fall 20 ft","1","""Monk"""
"3810","Ki Pool (magic)","","1","","1","""Monk"""
"3811","d6 / 2d6","","1","","1","""Monk"""
"3812","d8","","1","","1","""Monk"""
"3814","Heal your own wounds -","","1","Heal your own wounds - 2 ki points","1","""Monk"""
"3814","2 ki points","","1","Heal your own wounds - 2 ki points","1","""Monk"""
"3815","Wholeness of Body","","1","","1","""Monk"""
"3818","Slow Fall","","1","Slow Fall 40 ft","1","""Monk"""
"3818","40 ft","","1","Slow Fall 40 ft","1","""Monk"""
"3819","d8 / 2d8","","1","","1","""Monk"""
"3820","d10","","1","","1","""Monk"""
"3822","Assume ethereal state for 1 minute -","","1","Assume ethereal state for 1 minute - 3 ki points","1","""Monk"""
"3822","3 ki points","","1","Assume ethereal state for 1 minute - 3 ki points","1","""Monk"""
"3823","Empty Body","","1","","1","""Monk"""
"3825","Spell resistance","","1","","1","""Monk"""
"3826","Diamond Soul","","1","","1","""Monk"""
"3828","Immune to all poisons","","1","","1","""Monk"""
"3829","Diamond Body","","1","","1","""Monk"""
"3831","Slow Fall","","1","Slow Fall 70 ft","1","""Monk"""
"3831","70 ft","","1","Slow Fall 70 ft","1","""Monk"""
"3833","Avoid all damage on successful reflex save","","1","","1","""Monk"""
"3836","Immune to all diseases","","1","","1","""Monk"""
"3837","Add monk level to Acrobatics checks for jumping","","1","","1","""Monk"""
"3838","to jump checks -","","1","+20 to jump checks - 1 ki point","1","""Monk"""
"3838","1 ki point","","1","+20 to jump checks - 1 ki point","1","""Monk"""
"3839","Purity of Body","","1","","1","""Monk"""
"3840","High Jump","","1","","1","""Monk"""
"3842","saving throws against enchantment","","1","+2 saving throws against enchantment","1","""Monk"""
"3843","(which grants","","1","(which grants +4 to Acrobatics)","1","""Monk"""
"3843","to Acrobatics)","","1","(which grants +4 to Acrobatics)","1","""Monk"""
"3844","Use monk level in place of","","1","Use monk level in place of BAB for calculating CMB","1","""Monk"""
"3844","BAB","","1","Use monk level in place of BAB for calculating CMB","1","""Monk"""
"3844","for calculating","","1","Use monk level in place of BAB for calculating CMB","1","""Monk"""
"3844","CMB","","1","Use monk level in place of BAB for calculating CMB","1","""Monk"""
"3845","Still Mind","","1","","1","""Monk"""
"3846","Manoeuvre Training","","1","","1","""Monk"""
"3847","Fast Movement","","1","Fast Movement +10 ft","1","""Monk"""
"3847","+10 ft","","1","Fast Movement +10 ft","1","""Monk"""
"3849","(which grants","","1","(which grants +16 to Acrobatics)","1","""Monk"""
"3849","to Acrobatics)","","1","(which grants +16 to Acrobatics)","1","""Monk"""
"3850","Slow Fall","","1","Slow Fall 60 ft","1","""Monk"""
"3850","60 ft","","1","Slow Fall 60 ft","1","""Monk"""
"3851","Fast Movement","","1","Fast Movement +40 ft","1","""Monk"""
"3851","+40 ft","","1","Fast Movement +40 ft","1","""Monk"""
"3852","Slip magically between spaces -","","1","Slip magically between spaces - 2 ki points","1","""Monk"""
"3852","2 ki points","","1","Slip magically between spaces - 2 ki points","1","""Monk"""
"3853","Abundant step","","1","","1","""Monk"""
"3854","d10 / 3d6","","1","","1","""Monk"""
"3855","2d6","","1","","1","""Monk"""
"3857","Stun (or other effects) target for one round","","1","","1","""Monk"""
"3858","Treat hands, feet, knees and elbows as weapons","","1","","1","""Monk"""
"3859","Stunning Fist","","1","","1","""Monk"""
"3861","Armour Class Bonus","","1","","1","""Monk"""
"3862","Use a full attack action for more attacks","","1","","1","""Monk"""
"3863","Flurry of Blows","","1","","1","""Monk"""
"3864","d4 / d8","","1","","1","""Monk"""
"3867","Sml / Lrg","","1","","1","""Monk"""
"3868","Unarmed|Strike|Damage","","1","","1","""Monk"""
"3869","Bonus|Feats","","1","","1","""Monk"""
"3876","FAVOURED ENEMY BONUS","","3","","3","""Ranger - Archery"", ""Ranger - Two-weapon fighting"", ""Ranger"""
"3879","Ranger|Level","","18","","3","""Ranger - Archery"", ""Ranger - Two-weapon fighting"", ""Ranger"""
"3880","Survival|Bonus","","3","","3","""Ranger - Archery"", ""Ranger - Two-weapon fighting"", ""Ranger"""
"3887","HUNTER’S BOND","","3","","3","""Ranger - Archery"", ""Ranger - Two-weapon fighting"", ""Ranger"""
"3889","SHARE FAVOURED ENEMY","","3","","3","""Ranger - Archery"", ""Ranger - Two-weapon fighting"", ""Ranger"""
"3901","TRACK","","3","","3","""Ranger - Archery"", ""Ranger - Two-weapon fighting"", ""Ranger"""
"3904","FAVOURED TERRAINS","","3","","3","""Ranger - Archery"", ""Ranger - Two-weapon fighting"", ""Ranger"""
"3909","FAVOURED TERRAIN BONUS","","3","","3","""Ranger - Archery"", ""Ranger - Two-weapon fighting"", ""Ranger"""
"3910","FAVOURED ENEMIES","","3","","3","""Ranger - Archery"", ""Ranger - Two-weapon fighting"", ""Ranger"""
"3916","COMBAT STYLE","","3","","3","""Ranger - Archery"", ""Ranger - Two-weapon fighting"", ""Ranger"""
"3925","SHARE FAVOURED ENEMY","","3","SHARE FAVOURED ENEMY|DURATION","3","""Ranger - Archery"", ""Ranger - Two-weapon fighting"", ""Ranger"""
"3925","DURATION","","3","SHARE FAVOURED ENEMY|DURATION","3","""Ranger - Archery"", ""Ranger - Two-weapon fighting"", ""Ranger"""
"3931","Shot on the Run","","1","Shot on the Run    Attack at any point during your move","1","""Ranger - Archery"""
"3931","Attack at any point during your move","","1","Shot on the Run    Attack at any point during your move","1","""Ranger - Archery"""
"3932","Pinpoint Targeting","","1","Pinpoint Targeting    Make a single attack that bypasses shields, armour and natural armour","1","""Ranger - Archery"""
"3932","Make a single attack that bypasses shields, armour and natural armour","","1","Pinpoint Targeting    Make a single attack that bypasses shields, armour and natural armour","1","""Ranger - Archery"""
"3933","Manyshot","","1","Manyshot    When making a full-round attack, your first attack has two arrows","1","""Ranger - Archery"""
"3933","When making a full-round attack, your first attack has two arrows","","1","Manyshot    When making a full-round attack, your first attack has two arrows","1","""Ranger - Archery"""
"3934","Improved Precise Shot","","1","Improved Precise Shot    Ignore the penalties for partial cover or partial concealment","1","""Ranger - Archery"""
"3934","Ignore the penalties for partial cover or partial concealment","","1","Improved Precise Shot    Ignore the penalties for partial cover or partial concealment","1","""Ranger - Archery"""
"3935","Rapid Shot","","1","Rapid Shot    When making a full-round attack, get one additional attack in return for a -2 penalty","1","""Ranger - Archery"""
"3935","When making a full-round attack, get one additional attack in return for a -2 penalty","","1","Rapid Shot    When making a full-round attack, get one additional attack in return for a -2 penalty","1","""Ranger - Archery"""
"3936","Precise Shot","","1","Precise Shot    Attack into melee without the -4 penalty","1","""Ranger - Archery"""
"3936","Attack into melee without the -4 penalty","","1","Precise Shot    Attack into melee without the -4 penalty","1","""Ranger - Archery"""
"3937","Point Blank Shot","","1","Point Blank Shot    +1 to attack and damage within first range increment","1","""Ranger - Archery"""
"3937","+1 to attack and damage within first range increment","","1","Point Blank Shot    +1 to attack and damage within first range increment","1","""Ranger - Archery"""
"3938","Far Shot","","1","Far Shot    Attack penalty per range increment decreases from -2 to -1","1","""Ranger - Archery"""
"3938","Attack penalty per range increment decreases from -2 to -1","","1","Far Shot    Attack penalty per range increment decreases from -2 to -1","1","""Ranger - Archery"""
"3939","ARCHERY","","1","","1","""Ranger - Archery"""
"3940","WIS","","3","(WIS minimum 1)","3","""Ranger - Archery"", ""Ranger - Two-weapon fighting"", ""Ranger"""
"3940","minimum 1)","","3","(WIS minimum 1)","3","""Ranger - Archery"", ""Ranger - Two-weapon fighting"", ""Ranger"""
"3941","Use in place of Diplomacy to improve the attitude of an animal","","3","","3","""Ranger - Archery"", ""Ranger - Two-weapon fighting"", ""Ranger"""
"3942","As a move action, share half your Favoured Enemy|bonus against a single target with all allies within 30 ft","","3","","3","""Ranger - Archery"", ""Ranger - Two-weapon fighting"", ""Ranger"""
"3943","Ranger bonus feats can be taken without the normal pre-requisites,|but only apply when not wearing heavy armour.","","3","","3","""Ranger - Archery"", ""Ranger - Two-weapon fighting"", ""Ranger"""
"3958","Creature type","","3","","3","""Ranger - Archery"", ""Ranger - Two-weapon fighting"", ""Ranger"""
"3966","Bonus Spells","","3","Bonus Spells|WIS","3","""Ranger - Archery"", ""Ranger - Two-weapon fighting"", ""Ranger"""
"3966","WIS","","3","Bonus Spells|WIS","3","""Ranger - Archery"", ""Ranger - Two-weapon fighting"", ""Ranger"""
"3977","RANGER","","3","","3","""Ranger - Archery"", ""Ranger - Two-weapon fighting"", ""Ranger"""
"3990","Ranger","","1","","1","""Ranger - Character Info"""
"3994","Knowledge: Geography","","1","","1","""Ranger - Character Info"""
"4024","- 1 per 5lb| carried","","1","","1","""Ranger - Character Info"""
"4062","Favoured|     Enemy|     Terrain","","1","","1","""Ranger - Character Info"""
"4284","Favoured| Enemy","","2","","1","""Ranger - Combat"""
"4445","Two-weapon Rend","","1","Two-weapon Rend    If you hit with both weapons, do an extra 1d10 + (STR × 1½) damage","1","""Ranger - Two-weapon fighting"""
"4445","If you hit with both weapons, do an extra 1d10 + (","","1","Two-weapon Rend    If you hit with both weapons, do an extra 1d10 + (STR × 1½) damage","1","""Ranger - Two-weapon fighting"""
"4445","STR","","1","Two-weapon Rend    If you hit with both weapons, do an extra 1d10 + (STR × 1½) damage","1","""Ranger - Two-weapon fighting"""
"4445","× 1½) damage","","1","Two-weapon Rend    If you hit with both weapons, do an extra 1d10 + (STR × 1½) damage","1","""Ranger - Two-weapon fighting"""
"4446","Greater Two-weapon Fighting","","1","Greater Two-weapon Fighting    Third attack with your off-hand weapon","1","""Ranger - Two-weapon fighting"""
"4446","Third attack with your off-hand weapon","","1","Greater Two-weapon Fighting    Third attack with your off-hand weapon","1","""Ranger - Two-weapon fighting"""
"4447","Two-weapon Defence","","1","Two-weapon Defence    +1 shield bonus to AC for using two weapons (+2 if fighting defensively)","1","""Ranger - Two-weapon fighting"""
"4447","+1 shield bonus to AC for using two weapons (+2 if fighting defensively)","","1","Two-weapon Defence    +1 shield bonus to AC for using two weapons (+2 if fighting defensively)","1","""Ranger - Two-weapon fighting"""
"4448","Improved Two-weapon Fighting","","1","Improved Two-weapon Fighting    Second attack with your off-hand weapon","1","""Ranger - Two-weapon fighting"""
"4448","Second attack with your off-hand weapon","","1","Improved Two-weapon Fighting    Second attack with your off-hand weapon","1","""Ranger - Two-weapon fighting"""
"4449","Two-weapon Fighting","","1","Two-weapon Fighting   Penalty for wielding two weapons reduced to -4 / -4","1","""Ranger - Two-weapon fighting"""
"4449","Penalty for wielding two weapons reduced to -4 / -4","","1","Two-weapon Fighting   Penalty for wielding two weapons reduced to -4 / -4","1","""Ranger - Two-weapon fighting"""
"4450","Quick Draw","","1","Quick Draw    Draw your weapon as a free action","1","""Ranger - Two-weapon fighting"""
"4450","Draw your weapon as a free action","","1","Quick Draw    Draw your weapon as a free action","1","""Ranger - Two-weapon fighting"""
"4451","Improved Shield Bash","","1","Improved Shield Bash    Use Shield Bash and keep your shield bonus to AC","1","""Ranger - Two-weapon fighting"""
"4451","Use Shield Bash and keep your shield bonus to","","1","Improved Shield Bash    Use Shield Bash and keep your shield bonus to AC","1","""Ranger - Two-weapon fighting"""
"4451","AC","","1","Improved Shield Bash    Use Shield Bash and keep your shield bonus to AC","1","""Ranger - Two-weapon fighting"""
"4452","Double Slice","","1","Double Slice    Add your full STR to damage with an off-hand weapon","1","""Ranger - Two-weapon fighting"""
"4452","Add your full","","1","Double Slice    Add your full STR to damage with an off-hand weapon","1","""Ranger - Two-weapon fighting"""
"4452","STR","","1","Double Slice    Add your full STR to damage with an off-hand weapon","1","""Ranger - Two-weapon fighting"""
"4452","to damage with an off-hand weapon","","1","Double Slice    Add your full STR to damage with an off-hand weapon","1","""Ranger - Two-weapon fighting"""
"4453","TWO-WEAPON FIGHTING","","1","","1","""Ranger - Two-weapon fighting"""
